Position,Name + ID,Name,ID,Roster Position,Salary,Game Info,TeamAbbrev,AvgPointsPerGame
WR,Josh Downs (23786588),Josh Downs,23786588,WR/FLEX/S-FLEX,8500,FAMU@UNC 08/27/2022 08:15PM ET,UNC,23.04
QB,Chris Reynolds (23786190),Chris Reynolds,23786190,QB/S-FLEX,8000,CHAR@FAU 08/27/2022 07:00PM ET,CHAR,22.52
RB,Toa Taua (23786312),Toa Taua,23786312,RB/FLEX/S-FLEX,7600,NEV@NMST 08/27/2022 10:00PM ET,NEV,14.6
QB,Drake Maye (23786192),Drake Maye,23786192,QB/S-FLEX,7400,FAMU@UNC 08/27/2022 08:15PM ET,UNC,6.88
RB,Johnny Ford (23786315),Johnny Ford,23786315,RB/FLEX/S-FLEX,7300,CHAR@FAU 08/27/2022 07:00PM ET,FAU,16.74
WR,Victor Tucker (23786591),Victor Tucker,23786591,WR/FLEX/S-FLEX,7200,CHAR@FAU 08/27/2022 07:00PM ET,CHAR,13.91
QB,N'Kosi Perry (23786194),N'Kosi Perry,23786194,QB/S-FLEX,7100,CHAR@FAU 08/27/2022 07:00PM ET,FAU,19.23
QB,Brayden Schager (23786196),Brayden Schager,23786196,QB/S-FLEX,7000,VAND@HAW 08/27/2022 10:30PM ET,HAW,3.92
QB,Jacolby Criswell (23786198),Jacolby Criswell,23786198,QB/S-FLEX,6900,FAMU@UNC 08/27/2022 08:15PM ET,UNC,7.99
WR,Grant DuBose (23786594),Grant DuBose,23786594,WR/FLEX/S-FLEX,6800,CHAR@FAU 08/27/2022 07:00PM ET,CHAR,16.42
RB,Dedrick Parson (23786318),Dedrick Parson,23786318,RB/FLEX/S-FLEX,6700,VAND@HAW 08/27/2022 10:30PM ET,HAW,13.67
WR,Roderic Burns (23786597),Roderic Burns,23786597,WR/FLEX/S-FLEX,6600,UNT@UTEP 08/27/2022 09:00PM ET,UNT,13.31
QB,Mike Wright (23786200),Mike Wright,23786200,QB/S-FLEX,6500,VAND@HAW 08/27/2022 10:30PM ET,VAND,11.93
QB,Austin Aune (23786202),Austin Aune,23786202,QB/S-FLEX,6500,UNT@UTEP 08/27/2022 09:00PM ET,UNT,12.24
WR,Will Sheppard (23786603),Will Sheppard,23786603,WR/FLEX/S-FLEX,6400,VAND@HAW 08/27/2022 10:30PM ET,VAND,13.07
RB,D.J. Jones (23786321),D.J. Jones,23786321,RB/FLEX/S-FLEX,6400,FAMU@UNC 08/27/2022 08:15PM ET,UNC,4.76
QB,Gavin Hardison (23786204),Gavin Hardison,23786204,QB/S-FLEX,6400,UNT@UTEP 08/27/2022 09:00PM ET,UTEP,14.49
QB,Joey Yellen (23786206),Joey Yellen,23786206,QB/S-FLEX,6300,VAND@HAW 08/27/2022 10:30PM ET,HAW,0
WR,LaJohntay Wester (23786600),LaJohntay Wester,23786600,WR/FLEX/S-FLEX,6300,CHAR@FAU 08/27/2022 07:00PM ET,FAU,13.76
RB,Ray Davis (23786324),Ray Davis,23786324,RB/FLEX/S-FLEX,6200,VAND@HAW 08/27/2022 10:30PM ET,VAND,11.6
WR,Jamaal Bell (23786606),Jamaal Bell,23786606,WR/FLEX/S-FLEX,6200,NEV@NMST 08/27/2022 10:00PM ET,NEV,2.41
QB,Michael Johnson Jr. (23786208),Michael Johnson Jr.,23786208,QB/S-FLEX,6200,CHAR@FAU 08/27/2022 07:00PM ET,FAU,0
QB,Nate Cox (23786210),Nate Cox,23786210,QB/S-FLEX,6100,NEV@NMST 08/27/2022 10:00PM ET,NEV,6.89
WR,Tyrin Smith (23786609),Tyrin Smith,23786609,WR/FLEX/S-FLEX,6100,UNT@UTEP 08/27/2022 09:00PM ET,UTEP,9.67
RB,Destin Coates (23786327),Destin Coates,23786327,RB/FLEX/S-FLEX,6000,FAMU@UNC 08/27/2022 08:15PM ET,FAMU,4.35
WR,Jah'Marae Sheread (23786612),Jah'Marae Sheread,23786612,WR/FLEX/S-FLEX,6000,FAMU@UNC 08/27/2022 08:15PM ET,FAMU,14.89
QB,Xavier Williams (23786212),Xavier Williams,23786212,QB/S-FLEX,6000,CHAR@FAU 08/27/2022 07:00PM ET,CHAR,0
QB,Grant Gunnell (23786214),Grant Gunnell,23786214,QB/S-FLEX,6000,UNT@UTEP 08/27/2022 09:00PM ET,UNT,0
WR,Devin Boddie Jr. (23786618),Devin Boddie Jr.,23786618,WR/FLEX/S-FLEX,5900,VAND@HAW 08/27/2022 10:30PM ET,VAND,6.96
QB,Shane Illingworth (23786216),Shane Illingworth,23786216,QB/S-FLEX,5900,NEV@NMST 08/27/2022 10:00PM ET,NEV,14.65
QB,Ken Seals (23786218),Ken Seals,23786218,QB/S-FLEX,5800,VAND@HAW 08/27/2022 10:30PM ET,VAND,7.93
WR,Zion Bowens (23786615),Zion Bowens,23786615,WR/FLEX/S-FLEX,5800,VAND@HAW 08/27/2022 10:30PM ET,HAW,9.34
RB,Shadrick Byrd (23786330),Shadrick Byrd,23786330,RB/FLEX/S-FLEX,5800,CHAR@FAU 08/27/2022 07:00PM ET,CHAR,11.09
WR,Antoine Green (23786621),Antoine Green,23786621,WR/FLEX/S-FLEX,5700,FAMU@UNC 08/27/2022 08:15PM ET,UNC,10.02
QB,JD Head (23786220),JD Head,23786220,QB/S-FLEX,5700,UNT@UTEP 08/27/2022 09:00PM ET,UNT,14.26
QB,Rasean McKay (23786222),Rasean McKay,23786222,QB/S-FLEX,5600,FAMU@UNC 08/27/2022 08:15PM ET,FAMU,14.39
WR,Dalevon Campbell (23786627),Dalevon Campbell,23786627,WR/FLEX/S-FLEX,5600,NEV@NMST 08/27/2022 10:00PM ET,NEV,4
QB,Diego Pavia (23786224),Diego Pavia,23786224,QB/S-FLEX,5500,NEV@NMST 08/27/2022 10:00PM ET,NMST,0
WR,Je'Quan Burton (23786624),Je'Quan Burton,23786624,WR/FLEX/S-FLEX,5500,CHAR@FAU 08/27/2022 07:00PM ET,FAU,7.93
RB,Ronald Awatt (23786333),Ronald Awatt,23786333,RB/FLEX/S-FLEX,5500,UNT@UTEP 08/27/2022 09:00PM ET,UTEP,12.1
WR,Logan Kyle (23786630),Logan Kyle,23786630,WR/FLEX/S-FLEX,5400,VAND@HAW 08/27/2022 10:30PM ET,VAND,1.5
QB,Calvin Brownholtz (23786226),Calvin Brownholtz,23786226,QB/S-FLEX,5400,UNT@UTEP 08/27/2022 09:00PM ET,UTEP,3.16
WR,Javion Posey (23786633),Javion Posey,23786633,WR/FLEX/S-FLEX,5300,CHAR@FAU 08/27/2022 07:00PM ET,FAU,1.52
QB,Jace Ruder (23786228),Jace Ruder,23786228,QB/S-FLEX,5300,UNT@UTEP 08/27/2022 09:00PM ET,UNT,6.66
RB,Isaiah Johnson (23786336),Isaiah Johnson,23786336,RB/FLEX/S-FLEX,5300,UNT@UTEP 08/27/2022 09:00PM ET,UNT,9.04
QB,Jeremy Moussa (23786230),Jeremy Moussa,23786230,QB/S-FLEX,5200,FAMU@UNC 08/27/2022 08:15PM ET,FAMU,0.96
WR,Dominic Gicinto (23786636),Dominic Gicinto,23786636,WR/FLEX/S-FLEX,5200,NEV@NMST 08/27/2022 10:00PM ET,NMST,12.25
WR,Tommy Bush (23786639),Tommy Bush,23786639,WR/FLEX/S-FLEX,5200,UNT@UTEP 08/27/2022 09:00PM ET,UNT,3.65
QB,Dino Maldonado (23786232),Dino Maldonado,23786232,QB/S-FLEX,5100,NEV@NMST 08/27/2022 10:00PM ET,NMST,22.16
RB,Marvin Scott III (23786339),Marvin Scott III,23786339,RB/FLEX/S-FLEX,5100,CHAR@FAU 08/27/2022 07:00PM ET,FAU,6.83
WR,Trent Thompson (23786642),Trent Thompson,23786642,WR/FLEX/S-FLEX,5100,UNT@UTEP 08/27/2022 09:00PM ET,UTEP,9.26
WR,J.J. Jones (23786645),J.J. Jones,23786645,WR/FLEX/S-FLEX,5000,FAMU@UNC 08/27/2022 08:15PM ET,UNC,5.35
QB,Gavin Frakes (23786234),Gavin Frakes,23786234,QB/S-FLEX,5000,NEV@NMST 08/27/2022 10:00PM ET,NMST,0
RB,O'Maury Samuels (23786342),O'Maury Samuels,23786342,RB/FLEX/S-FLEX,5000,NEV@NMST 08/27/2022 10:00PM ET,NMST,5.29
QB,James Foster (23786236),James Foster,23786236,QB/S-FLEX,5000,CHAR@FAU 08/27/2022 07:00PM ET,CHAR,5.03
WR,B.J. Casteel (23786648),B.J. Casteel,23786648,WR/FLEX/S-FLEX,4900,NEV@NMST 08/27/2022 10:00PM ET,NEV,6.76
RB,Deion Hankins (23786345),Deion Hankins,23786345,RB/FLEX/S-FLEX,4900,UNT@UTEP 08/27/2022 09:00PM ET,UTEP,8.62
WR,Spencer Curtis (23786651),Spencer Curtis,23786651,WR/FLEX/S-FLEX,4800,NEV@NMST 08/27/2022 10:00PM ET,NEV,3.2
RB,Oscar Adaway III (23786348),Oscar Adaway III,23786348,RB/FLEX/S-FLEX,4700,UNT@UTEP 08/27/2022 09:00PM ET,UNT,0
WR,Terrell Warner (23786654),Terrell Warner,23786654,WR/FLEX/S-FLEX,4600,NEV@NMST 08/27/2022 10:00PM ET,NMST,7.62
QB,Cammon Cooper (23786238),Cammon Cooper,23786238,QB/S-FLEX,4500,VAND@HAW 08/27/2022 10:30PM ET,HAW,0.89
QB,AJ Swann (23786244),AJ Swann,23786244,QB/S-FLEX,4500,VAND@HAW 08/27/2022 10:30PM ET,VAND,0
QB,Jake Farrell (23786248),Jake Farrell,23786248,QB/S-FLEX,4500,VAND@HAW 08/27/2022 10:30PM ET,HAW,0
QB,Connor Apo (23786262),Connor Apo,23786262,QB/S-FLEX,4500,VAND@HAW 08/27/2022 10:30PM ET,HAW,0
QB,Armani Edden (23786266),Armani Edden,23786266,QB/S-FLEX,4500,VAND@HAW 08/27/2022 10:30PM ET,HAW,0
QB,Ephraim Tuliloa (23786270),Ephraim Tuliloa,23786270,QB/S-FLEX,4500,VAND@HAW 08/27/2022 10:30PM ET,HAW,0
QB,Walter Taylor (23786288),Walter Taylor,23786288,QB/S-FLEX,4500,VAND@HAW 08/27/2022 10:30PM ET,VAND,0
QB,Drew Dickey (23786292),Drew Dickey,23786292,QB/S-FLEX,4500,VAND@HAW 08/27/2022 10:30PM ET,VAND,0
QB,Hayden Moses (23786294),Hayden Moses,23786294,QB/S-FLEX,4500,VAND@HAW 08/27/2022 10:30PM ET,VAND,0
RB,Rocko Griffin (23786351),Rocko Griffin,23786351,RB/FLEX/S-FLEX,4500,VAND@HAW 08/27/2022 10:30PM ET,VAND,10.98
QB,Jefferson Boaz (23786252),Jefferson Boaz,23786252,QB/S-FLEX,4500,FAMU@UNC 08/27/2022 08:15PM ET,UNC,0
QB,Russell Tabor (23786260),Russell Tabor,23786260,QB/S-FLEX,4500,FAMU@UNC 08/27/2022 08:15PM ET,UNC,0
QB,Jacory Jordan (23786274),Jacory Jordan,23786274,QB/S-FLEX,4500,FAMU@UNC 08/27/2022 08:15PM ET,FAMU,0
QB,Cameron Sapp (23786280),Cameron Sapp,23786280,QB/S-FLEX,4500,FAMU@UNC 08/27/2022 08:15PM ET,FAMU,1.09
QB,Michael Townsend (23786282),Michael Townsend,23786282,QB/S-FLEX,4500,FAMU@UNC 08/27/2022 08:15PM ET,FAMU,0
QB,Junior Muratovic (23786284),Junior Muratovic,23786284,QB/S-FLEX,4500,FAMU@UNC 08/27/2022 08:15PM ET,FAMU,3.5
QB,Trey Fisher (23786286),Trey Fisher,23786286,QB/S-FLEX,4500,FAMU@UNC 08/27/2022 08:15PM ET,FAMU,0
QB,Conner Harrell (23786308),Conner Harrell,23786308,QB/S-FLEX,4500,FAMU@UNC 08/27/2022 08:15PM ET,UNC,0
QB,Weston Eget (23786240),Weston Eget,23786240,QB/S-FLEX,4500,NEV@NMST 08/27/2022 10:00PM ET,NMST,0.99
QB,Jake Barlage (23786242),Jake Barlage,23786242,QB/S-FLEX,4500,NEV@NMST 08/27/2022 10:00PM ET,NEV,0
QB,Jonah Chong (23786254),Jonah Chong,23786254,QB/S-FLEX,4500,NEV@NMST 08/27/2022 10:00PM ET,NEV,0
QB,Baylor Horning (23786264),Baylor Horning,23786264,QB/S-FLEX,4500,NEV@NMST 08/27/2022 10:00PM ET,NEV,0
QB,Jeff Davison (23786268),Jeff Davison,23786268,QB/S-FLEX,4500,NEV@NMST 08/27/2022 10:00PM ET,NMST,0
QB,Drew Scolari (23786276),Drew Scolari,23786276,QB/S-FLEX,4500,NEV@NMST 08/27/2022 10:00PM ET,NEV,0
QB,AJ Bianco (23786278),AJ Bianco,23786278,QB/S-FLEX,4500,NEV@NMST 08/27/2022 10:00PM ET,NEV,0
QB,J.J. Dervil (23786290),J.J. Dervil,23786290,QB/S-FLEX,4500,NEV@NMST 08/27/2022 10:00PM ET,NMST,0
QB,Kheagian Heckaman (23786298),Kheagian Heckaman,23786298,QB/S-FLEX,4500,NEV@NMST 08/27/2022 10:00PM ET,NMST,0
QB,Bryce Bearss (23786306),Bryce Bearss,23786306,QB/S-FLEX,4500,NEV@NMST 08/27/2022 10:00PM ET,NMST,0
WR,Thomaz Whitford (23786657),Thomaz Whitford,23786657,WR/FLEX/S-FLEX,4500,NEV@NMST 08/27/2022 10:00PM ET,NMST,6.7
QB,Willie Taggart Jr. (23786246),Willie Taggart Jr.,23786246,QB/S-FLEX,4500,CHAR@FAU 08/27/2022 07:00PM ET,FAU,0
QB,Trexler Ivey (23786258),Trexler Ivey,23786258,QB/S-FLEX,4500,CHAR@FAU 08/27/2022 07:00PM ET,CHAR,0
QB,Steven Johnson (23786272),Steven Johnson,23786272,QB/S-FLEX,4500,CHAR@FAU 08/27/2022 07:00PM ET,CHAR,0
QB,T.J. Smith (23786296),T.J. Smith,23786296,QB/S-FLEX,4500,CHAR@FAU 08/27/2022 07:00PM ET,FAU,0
QB,Tyriq Starks (23786304),Tyriq Starks,23786304,QB/S-FLEX,4500,CHAR@FAU 08/27/2022 07:00PM ET,FAU,0
QB,Zach Rodriguez (23786250),Zach Rodriguez,23786250,QB/S-FLEX,4500,UNT@UTEP 08/27/2022 09:00PM ET,UTEP,0
QB,Kevin Hurley (23786256),Kevin Hurley,23786256,QB/S-FLEX,4500,UNT@UTEP 08/27/2022 09:00PM ET,UTEP,0
QB,Cade McConnell (23786300),Cade McConnell,23786300,QB/S-FLEX,4500,UNT@UTEP 08/27/2022 09:00PM ET,UTEP,0
QB,Jake McNamara (23786302),Jake McNamara,23786302,QB/S-FLEX,4500,UNT@UTEP 08/27/2022 09:00PM ET,UTEP,0
QB,Stone Earle (23786310),Stone Earle,23786310,QB/S-FLEX,4500,UNT@UTEP 08/27/2022 09:00PM ET,UNT,17.23
RB,Elijah Green (23786354),Elijah Green,23786354,RB/FLEX/S-FLEX,4400,FAMU@UNC 08/27/2022 08:15PM ET,UNC,0.98
RB,Devonte Lee (23786357),Devonte Lee,23786357,RB/FLEX/S-FLEX,4300,NEV@NMST 08/27/2022 10:00PM ET,NEV,7.53
WR,Aaron Smith (23786660),Aaron Smith,23786660,WR/FLEX/S-FLEX,4300,NEV@NMST 08/27/2022 10:00PM ET,NEV,0
WR,Jordan Murray (23786663),Jordan Murray,23786663,WR/FLEX/S-FLEX,4200,VAND@HAW 08/27/2022 10:30PM ET,HAW,6.09
WR,Jonah Panoke (23786666),Jonah Panoke,23786666,WR/FLEX/S-FLEX,4200,VAND@HAW 08/27/2022 10:30PM ET,HAW,3.88
RB,Calvin Camp (23786360),Calvin Camp,23786360,RB/FLEX/S-FLEX,4200,CHAR@FAU 08/27/2022 07:00PM ET,CHAR,10.29
WR,Ja'Mori Maclin (23786669),Ja'Mori Maclin,23786669,WR/FLEX/S-FLEX,4200,UNT@UTEP 08/27/2022 09:00PM ET,UNT,0
WR,Kamari Morales (23786672),Kamari Morales,23786672,WR/FLEX/S-FLEX,4100,FAMU@UNC 08/27/2022 08:15PM ET,UNC,7.6
RB,Ahmonte Watkins (23786363),Ahmonte Watkins,23786363,RB/FLEX/S-FLEX,4100,NEV@NMST 08/27/2022 10:00PM ET,NMST,6
WR,Kelly Akharaiyi (23786675),Kelly Akharaiyi,23786675,WR/FLEX/S-FLEX,4100,UNT@UTEP 08/27/2022 09:00PM ET,UTEP,0
WR,Kobe Paysour (23786678),Kobe Paysour,23786678,WR/FLEX/S-FLEX,4000,FAMU@UNC 08/27/2022 08:15PM ET,UNC,0
RB,Ikaika Ragsdale (23786366),Ikaika Ragsdale,23786366,RB/FLEX/S-FLEX,4000,UNT@UTEP 08/27/2022 09:00PM ET,UNT,8.88
RB,Nasjzae Bryant-Lelei (23786369),Nasjzae Bryant-Lelei,23786369,RB/FLEX/S-FLEX,3900,VAND@HAW 08/27/2022 10:30PM ET,HAW,0.2
WR,James Phillips (23786684),James Phillips,23786684,WR/FLEX/S-FLEX,3900,VAND@HAW 08/27/2022 10:30PM ET,HAW,2.4
WR,Donta Armstrong (23786681),Donta Armstrong,23786681,WR/FLEX/S-FLEX,3900,CHAR@FAU 08/27/2022 07:00PM ET,CHAR,0
WR,Jostein Clarke (23786687),Jostein Clarke,23786687,WR/FLEX/S-FLEX,3900,UNT@UTEP 08/27/2022 09:00PM ET,UTEP,0
WR,Bryson Jackson (23786690),Bryson Jackson,23786690,WR/FLEX/S-FLEX,3900,UNT@UTEP 08/27/2022 09:00PM ET,UNT,3.82
WR,Gavin Schoenwald (23786693),Gavin Schoenwald,23786693,WR/FLEX/S-FLEX,3800,VAND@HAW 08/27/2022 10:30PM ET,VAND,3.55
RB,Caleb Hood (23786372),Caleb Hood,23786372,RB/FLEX/S-FLEX,3800,FAMU@UNC 08/27/2022 08:15PM ET,UNC,2.62
WR,Xavier Smith (23786699),Xavier Smith,23786699,WR/FLEX/S-FLEX,3800,FAMU@UNC 08/27/2022 08:15PM ET,FAMU,16.66
WR,Kordell David (23786696),Kordell David,23786696,WR/FLEX/S-FLEX,3800,NEV@NMST 08/27/2022 10:00PM ET,NMST,0
WR,Tamatoa Mokiao-Atimalala (23786705),Tamatoa Mokiao-Atimalala,23786705,WR/FLEX/S-FLEX,3700,VAND@HAW 08/27/2022 10:30PM ET,HAW,1.15
WR,Dior Scott (23786708),Dior Scott,23786708,WR/FLEX/S-FLEX,3700,VAND@HAW 08/27/2022 10:30PM ET,HAW,2.75
RB,A.J. Davis (23786375),A.J. Davis,23786375,RB/FLEX/S-FLEX,3700,FAMU@UNC 08/27/2022 08:15PM ET,FAMU,13.4
WR,Taylor Thompson (23786702),Taylor Thompson,23786702,WR/FLEX/S-FLEX,3700,CHAR@FAU 08/27/2022 07:00PM ET,CHAR,5.24
WR,Elijah Spencer (23786711),Elijah Spencer,23786711,WR/FLEX/S-FLEX,3700,CHAR@FAU 08/27/2022 07:00PM ET,CHAR,9.19
WR,Steven Fiso (23786717),Steven Fiso,23786717,WR/FLEX/S-FLEX,3600,VAND@HAW 08/27/2022 10:30PM ET,HAW,9.55
WR,Jairus Mack (23786720),Jairus Mack,23786720,WR/FLEX/S-FLEX,3600,CHAR@FAU 08/27/2022 07:00PM ET,CHAR,6.62
RB,Reynaldo Flores (23786378),Reynaldo Flores,23786378,RB/FLEX/S-FLEX,3600,UNT@UTEP 08/27/2022 09:00PM ET,UTEP,4.4
WR,Zach Fryar (23786714),Zach Fryar,23786714,WR/FLEX/S-FLEX,3600,UNT@UTEP 08/27/2022 09:00PM ET,UTEP,0
RB,Patrick Smith (23786381),Patrick Smith,23786381,RB/FLEX/S-FLEX,3500,VAND@HAW 08/27/2022 10:30PM ET,VAND,6.64
WR,Justin Olson (23786729),Justin Olson,23786729,WR/FLEX/S-FLEX,3500,FAMU@UNC 08/27/2022 08:15PM ET,UNC,4.88
WR,PJ Johnson III (23786735),PJ Johnson III,23786735,WR/FLEX/S-FLEX,3500,NEV@NMST 08/27/2022 10:00PM ET,NMST,7.02
WR,Marvin Landy (23786723),Marvin Landy,23786723,WR/FLEX/S-FLEX,3500,CHAR@FAU 08/27/2022 07:00PM ET,FAU,4.17
WR,Walter Dawn Jr. (23786726),Walter Dawn Jr.,23786726,WR/FLEX/S-FLEX,3500,UNT@UTEP 08/27/2022 09:00PM ET,UTEP,2.35
WR,Detraveon Brown (23786732),Detraveon Brown,23786732,WR/FLEX/S-FLEX,3500,UNT@UTEP 08/27/2022 09:00PM ET,UNT,7.75
WR,Ben Bresnahan (23786738),Ben Bresnahan,23786738,WR/FLEX/S-FLEX,3400,VAND@HAW 08/27/2022 10:30PM ET,VAND,3.2
WR,David Manigo (23786753),David Manigo,23786753,WR/FLEX/S-FLEX,3400,FAMU@UNC 08/27/2022 08:15PM ET,FAMU,6.84
WR,Cooper Shults (23786744),Cooper Shults,23786744,WR/FLEX/S-FLEX,3400,NEV@NMST 08/27/2022 10:00PM ET,NEV,0
WR,Tyrese Mack (23786750),Tyrese Mack,23786750,WR/FLEX/S-FLEX,3400,NEV@NMST 08/27/2022 10:00PM ET,NEV,2.35
RB,Larry McCammon III (23786384),Larry McCammon III,23786384,RB/FLEX/S-FLEX,3400,CHAR@FAU 08/27/2022 07:00PM ET,FAU,4.32
WR,Jake Roberts (23786741),Jake Roberts,23786741,WR/FLEX/S-FLEX,3400,UNT@UTEP 08/27/2022 09:00PM ET,UNT,2.6
WR,Jyaire Shorter (23786747),Jyaire Shorter,23786747,WR/FLEX/S-FLEX,3400,UNT@UTEP 08/27/2022 09:00PM ET,UNT,19.7
RB,Jordan Johnson (23786387),Jordan Johnson,23786387,RB/FLEX/S-FLEX,3300,VAND@HAW 08/27/2022 10:30PM ET,HAW,0
WR,Koali Nishigaya (23786759),Koali Nishigaya,23786759,WR/FLEX/S-FLEX,3300,VAND@HAW 08/27/2022 10:30PM ET,HAW,2.6
WR,Jeremiah Ballard (23786756),Jeremiah Ballard,23786756,WR/FLEX/S-FLEX,3300,UNT@UTEP 08/27/2022 09:00PM ET,UTEP,2.6
WR,Caleb Phillips (23786762),Caleb Phillips,23786762,WR/FLEX/S-FLEX,3200,VAND@HAW 08/27/2022 10:30PM ET,HAW,3.79
WR,Nicholas Dixon (23786771),Nicholas Dixon,23786771,WR/FLEX/S-FLEX,3200,FAMU@UNC 08/27/2022 08:15PM ET,FAMU,3.36
WR,Gavin Blackwell (23786777),Gavin Blackwell,23786777,WR/FLEX/S-FLEX,3200,FAMU@UNC 08/27/2022 08:15PM ET,UNC,0
RB,Larenzo McMillan (23786390),Larenzo McMillan,23786390,RB/FLEX/S-FLEX,3200,NEV@NMST 08/27/2022 10:00PM ET,NMST,0
WR,Carlton Brown III (23786765),Carlton Brown III,23786765,WR/FLEX/S-FLEX,3200,NEV@NMST 08/27/2022 10:00PM ET,NEV,0
WR,Austin Evans (23786768),Austin Evans,23786768,WR/FLEX/S-FLEX,3200,CHAR@FAU 08/27/2022 07:00PM ET,FAU,1.8
WR,Jahmal Edrine (23786774),Jahmal Edrine,23786774,WR/FLEX/S-FLEX,3200,CHAR@FAU 08/27/2022 07:00PM ET,FAU,1.9
WR,Kamari Young (23786780),Kamari Young,23786780,WR/FLEX/S-FLEX,3100,FAMU@UNC 08/27/2022 08:15PM ET,FAMU,6.43
WR,Jermaine Hawkins (23786783),Jermaine Hawkins,23786783,WR/FLEX/S-FLEX,3100,FAMU@UNC 08/27/2022 08:15PM ET,FAMU,10.5
RB,Alex Escobar (23786393),Alex Escobar,23786393,RB/FLEX/S-FLEX,3100,NEV@NMST 08/27/2022 10:00PM ET,NMST,2.36
WR,Jordan Young (23786786),Jordan Young,23786786,WR/FLEX/S-FLEX,3100,CHAR@FAU 08/27/2022 07:00PM ET,FAU,4.6
RB,Cooper Lutz (23786405),Cooper Lutz,23786405,RB/FLEX/S-FLEX,3000,VAND@HAW 08/27/2022 10:30PM ET,VAND,2.01
RB,Ronson Young (23786429),Ronson Young,23786429,RB/FLEX/S-FLEX,3000,VAND@HAW 08/27/2022 10:30PM ET,HAW,0
RB,David Cordero (23786438),David Cordero,23786438,RB/FLEX/S-FLEX,3000,VAND@HAW 08/27/2022 10:30PM ET,HAW,0
RB,Dylan Betts-Pauley (23786444),Dylan Betts-Pauley,23786444,RB/FLEX/S-FLEX,3000,VAND@HAW 08/27/2022 10:30PM ET,VAND,0
RB,Keith Moton III (23786480),Keith Moton III,23786480,RB/FLEX/S-FLEX,3000,VAND@HAW 08/27/2022 10:30PM ET,HAW,0
RB,Derek Boyd II (23786492),Derek Boyd II,23786492,RB/FLEX/S-FLEX,3000,VAND@HAW 08/27/2022 10:30PM ET,HAW,0
RB,Robbie Paikai (23786504),Robbie Paikai,23786504,RB/FLEX/S-FLEX,3000,VAND@HAW 08/27/2022 10:30PM ET,HAW,0
RB,Tylan Hines (23786516),Tylan Hines,23786516,RB/FLEX/S-FLEX,3000,VAND@HAW 08/27/2022 10:30PM ET,HAW,0
RB,Brock Hedani (23786522),Brock Hedani,23786522,RB/FLEX/S-FLEX,3000,VAND@HAW 08/27/2022 10:30PM ET,HAW,0
RB,Maurice Edwards (23786534),Maurice Edwards,23786534,RB/FLEX/S-FLEX,3000,VAND@HAW 08/27/2022 10:30PM ET,VAND,0
RB,Isaiah Fontan (23786582),Isaiah Fontan,23786582,RB/FLEX/S-FLEX,3000,VAND@HAW 08/27/2022 10:30PM ET,VAND,0
RB,Chase Gillespie (23786585),Chase Gillespie,23786585,RB/FLEX/S-FLEX,3000,VAND@HAW 08/27/2022 10:30PM ET,VAND,0
WR,Justin Ball (23786795),Justin Ball,23786795,WR/FLEX/S-FLEX,3000,VAND@HAW 08/27/2022 10:30PM ET,VAND,1.9
WR,Kamuela Borden (23786804),Kamuela Borden,23786804,WR/FLEX/S-FLEX,3000,VAND@HAW 08/27/2022 10:30PM ET,HAW,2
WR,Joel DeCoursey (23786816),Joel DeCoursey,23786816,WR/FLEX/S-FLEX,3000,VAND@HAW 08/27/2022 10:30PM ET,VAND,0
WR,Landon Sims (23786849),Landon Sims,23786849,WR/FLEX/S-FLEX,3000,VAND@HAW 08/27/2022 10:30PM ET,HAW,0
WR,Greyson Morgan (23786876),Greyson Morgan,23786876,WR/FLEX/S-FLEX,3000,VAND@HAW 08/27/2022 10:30PM ET,HAW,0
WR,Devon Tauaefa (23786888),Devon Tauaefa,23786888,WR/FLEX/S-FLEX,3000,VAND@HAW 08/27/2022 10:30PM ET,HAW,0
WR,Cole Spence (23786948),Cole Spence,23786948,WR/FLEX/S-FLEX,3000,VAND@HAW 08/27/2022 10:30PM ET,VAND,0
WR,Jayden McGowan (23786966),Jayden McGowan,23786966,WR/FLEX/S-FLEX,3000,VAND@HAW 08/27/2022 10:30PM ET,VAND,0
WR,Ezra McAllister (23786969),Ezra McAllister,23786969,WR/FLEX/S-FLEX,3000,VAND@HAW 08/27/2022 10:30PM ET,VAND,0
WR,Karsyn Pupunu (23787005),Karsyn Pupunu,23787005,WR/FLEX/S-FLEX,3000,VAND@HAW 08/27/2022 10:30PM ET,HAW,0
WR,Dayton Toney (23787011),Dayton Toney,23787011,WR/FLEX/S-FLEX,3000,VAND@HAW 08/27/2022 10:30PM ET,HAW,0
WR,Grey Ihu (23787014),Grey Ihu,23787014,WR/FLEX/S-FLEX,3000,VAND@HAW 08/27/2022 10:30PM ET,HAW,0
WR,Wilson Long (23787017),Wilson Long,23787017,WR/FLEX/S-FLEX,3000,VAND@HAW 08/27/2022 10:30PM ET,VAND,0
WR,Quincy Skinner Jr. (23787020),Quincy Skinner Jr.,23787020,WR/FLEX/S-FLEX,3000,VAND@HAW 08/27/2022 10:30PM ET,VAND,0
WR,James Green III (23787071),James Green III,23787071,WR/FLEX/S-FLEX,3000,VAND@HAW 08/27/2022 10:30PM ET,HAW,0
WR,Isaiah Shizuru (23787095),Isaiah Shizuru,23787095,WR/FLEX/S-FLEX,3000,VAND@HAW 08/27/2022 10:30PM ET,HAW,0
WR,Jordan Hinds (23787107),Jordan Hinds,23787107,WR/FLEX/S-FLEX,3000,VAND@HAW 08/27/2022 10:30PM ET,HAW,0
WR,Chuuky Hines (23787113),Chuuky Hines,23787113,WR/FLEX/S-FLEX,3000,VAND@HAW 08/27/2022 10:30PM ET,HAW,0
WR,Alex Perry (23787116),Alex Perry,23787116,WR/FLEX/S-FLEX,3000,VAND@HAW 08/27/2022 10:30PM ET,HAW,0
WR,Jalen Walthall (23787119),Jalen Walthall,23787119,WR/FLEX/S-FLEX,3000,VAND@HAW 08/27/2022 10:30PM ET,HAW,0
WR,Chad Owens Jr. (23787122),Chad Owens Jr.,23787122,WR/FLEX/S-FLEX,3000,VAND@HAW 08/27/2022 10:30PM ET,HAW,0
WR,Pofele Ashlock (23787128),Pofele Ashlock,23787128,WR/FLEX/S-FLEX,3000,VAND@HAW 08/27/2022 10:30PM ET,HAW,0
WR,Landon Wells (23787299),Landon Wells,23787299,WR/FLEX/S-FLEX,3000,VAND@HAW 08/27/2022 10:30PM ET,VAND,0
WR,Richie Hoskins (23787302),Richie Hoskins,23787302,WR/FLEX/S-FLEX,3000,VAND@HAW 08/27/2022 10:30PM ET,VAND,0
WR,Gamarion Carter (23787305),Gamarion Carter,23787305,WR/FLEX/S-FLEX,3000,VAND@HAW 08/27/2022 10:30PM ET,VAND,0
WR,Daveon Walker (23787308),Daveon Walker,23787308,WR/FLEX/S-FLEX,3000,VAND@HAW 08/27/2022 10:30PM ET,VAND,0
WR,Hutch Baird (23787311),Hutch Baird,23787311,WR/FLEX/S-FLEX,3000,VAND@HAW 08/27/2022 10:30PM ET,VAND,0
RB,George Pettaway (23786417),George Pettaway,23786417,RB/FLEX/S-FLEX,3000,FAMU@UNC 08/27/2022 08:15PM ET,UNC,0
RB,British Brooks (23786420),British Brooks,23786420,RB/FLEX/S-FLEX,3000,FAMU@UNC 08/27/2022 08:15PM ET,UNC,14.12
RB,Isaiah Connelly (23786456),Isaiah Connelly,23786456,RB/FLEX/S-FLEX,3000,FAMU@UNC 08/27/2022 08:15PM ET,FAMU,2.37
RB,Daylen Hall (23786474),Daylen Hall,23786474,RB/FLEX/S-FLEX,3000,FAMU@UNC 08/27/2022 08:15PM ET,FAMU,0
RB,Terrell Jennings (23786477),Terrell Jennings,23786477,RB/FLEX/S-FLEX,3000,FAMU@UNC 08/27/2022 08:15PM ET,FAMU,7.3
RB,Cameron Sigur (23786501),Cameron Sigur,23786501,RB/FLEX/S-FLEX,3000,FAMU@UNC 08/27/2022 08:15PM ET,FAMU,0
RB,Brian Beck Jr. (23786513),Brian Beck Jr.,23786513,RB/FLEX/S-FLEX,3000,FAMU@UNC 08/27/2022 08:15PM ET,FAMU,0
RB,Lelan Wilhoite (23786525),Lelan Wilhoite,23786525,RB/FLEX/S-FLEX,3000,FAMU@UNC 08/27/2022 08:15PM ET,FAMU,0
RB,Jaylen McCloud (23786528),Jaylen McCloud,23786528,RB/FLEX/S-FLEX,3000,FAMU@UNC 08/27/2022 08:15PM ET,FAMU,6.24
RB,De'Andre Francis (23786531),De'Andre Francis,23786531,RB/FLEX/S-FLEX,3000,FAMU@UNC 08/27/2022 08:15PM ET,FAMU,0.5
RB,Omarion Hampton (23786579),Omarion Hampton,23786579,RB/FLEX/S-FLEX,3000,FAMU@UNC 08/27/2022 08:15PM ET,UNC,0
WR,Bryson Nesbit (23786792),Bryson Nesbit,23786792,WR/FLEX/S-FLEX,3000,FAMU@UNC 08/27/2022 08:15PM ET,UNC,5.7
WR,John Copenhaver (23786807),John Copenhaver,23786807,WR/FLEX/S-FLEX,3000,FAMU@UNC 08/27/2022 08:15PM ET,UNC,4.45
WR,Kendall Karr (23786813),Kendall Karr,23786813,WR/FLEX/S-FLEX,3000,FAMU@UNC 08/27/2022 08:15PM ET,UNC,0
WR,Koby Gross (23786840),Koby Gross,23786840,WR/FLEX/S-FLEX,3000,FAMU@UNC 08/27/2022 08:15PM ET,FAMU,0
WR,Jeremiah Pruitte (23786867),Jeremiah Pruitte,23786867,WR/FLEX/S-FLEX,3000,FAMU@UNC 08/27/2022 08:15PM ET,FAMU,0.75
WR,Jalan Black (23786870),Jalan Black,23786870,WR/FLEX/S-FLEX,3000,FAMU@UNC 08/27/2022 08:15PM ET,FAMU,0
WR,Cam Shelton (23786873),Cam Shelton,23786873,WR/FLEX/S-FLEX,3000,FAMU@UNC 08/27/2022 08:15PM ET,FAMU,0
WR,Jake Young (23786942),Jake Young,23786942,WR/FLEX/S-FLEX,3000,FAMU@UNC 08/27/2022 08:15PM ET,UNC,0
WR,Will Crowley (23786945),Will Crowley,23786945,WR/FLEX/S-FLEX,3000,FAMU@UNC 08/27/2022 08:15PM ET,UNC,0
WR,Tylee Craft (23786981),Tylee Craft,23786981,WR/FLEX/S-FLEX,3000,FAMU@UNC 08/27/2022 08:15PM ET,UNC,0
WR,Christopher Sanders II (23787047),Christopher Sanders II,23787047,WR/FLEX/S-FLEX,3000,FAMU@UNC 08/27/2022 08:15PM ET,FAMU,4.32
WR,Ce'Zaun Enge (23787050),Ce'Zaun Enge,23787050,WR/FLEX/S-FLEX,3000,FAMU@UNC 08/27/2022 08:15PM ET,FAMU,0
WR,Christian Jones (23787053),Christian Jones,23787053,WR/FLEX/S-FLEX,3000,FAMU@UNC 08/27/2022 08:15PM ET,FAMU,0
WR,Marquez Phillips (23787056),Marquez Phillips,23787056,WR/FLEX/S-FLEX,3000,FAMU@UNC 08/27/2022 08:15PM ET,FAMU,0
WR,Darian Oxendine (23787059),Darian Oxendine,23787059,WR/FLEX/S-FLEX,3000,FAMU@UNC 08/27/2022 08:15PM ET,FAMU,1.85
WR,Jalon Howard (23787083),Jalon Howard,23787083,WR/FLEX/S-FLEX,3000,FAMU@UNC 08/27/2022 08:15PM ET,FAMU,0
WR,Kareem Burke (23787143),Kareem Burke,23787143,WR/FLEX/S-FLEX,3000,FAMU@UNC 08/27/2022 08:15PM ET,FAMU,0
WR,Trevonte Davis (23787146),Trevonte Davis,23787146,WR/FLEX/S-FLEX,3000,FAMU@UNC 08/27/2022 08:15PM ET,FAMU,0
WR,Michael Williams (23787158),Michael Williams,23787158,WR/FLEX/S-FLEX,3000,FAMU@UNC 08/27/2022 08:15PM ET,FAMU,0
WR,Fenley Graham Jr. (23787164),Fenley Graham Jr.,23787164,WR/FLEX/S-FLEX,3000,FAMU@UNC 08/27/2022 08:15PM ET,FAMU,0
WR,Derrick Hall (23787263),Derrick Hall,23787263,WR/FLEX/S-FLEX,3000,FAMU@UNC 08/27/2022 08:15PM ET,FAMU,0
WR,Tychaun Chapman (23787266),Tychaun Chapman,23787266,WR/FLEX/S-FLEX,3000,FAMU@UNC 08/27/2022 08:15PM ET,UNC,0
WR,Aiden Cloninger (23787269),Aiden Cloninger,23787269,WR/FLEX/S-FLEX,3000,FAMU@UNC 08/27/2022 08:15PM ET,UNC,0
WR,Landon Stevens (23787272),Landon Stevens,23787272,WR/FLEX/S-FLEX,3000,FAMU@UNC 08/27/2022 08:15PM ET,UNC,2
WR,Jeffrey Saturday (23787275),Jeffrey Saturday,23787275,WR/FLEX/S-FLEX,3000,FAMU@UNC 08/27/2022 08:15PM ET,UNC,0
WR,Thomas Flynn (23787278),Thomas Flynn,23787278,WR/FLEX/S-FLEX,3000,FAMU@UNC 08/27/2022 08:15PM ET,UNC,0
WR,Cyrus Rogers (23787281),Cyrus Rogers,23787281,WR/FLEX/S-FLEX,3000,FAMU@UNC 08/27/2022 08:15PM ET,UNC,0
WR,Kellan Hood (23787284),Kellan Hood,23787284,WR/FLEX/S-FLEX,3000,FAMU@UNC 08/27/2022 08:15PM ET,UNC,0
WR,Grady Sherrill (23787287),Grady Sherrill,23787287,WR/FLEX/S-FLEX,3000,FAMU@UNC 08/27/2022 08:15PM ET,UNC,0
WR,Brooks Miller (23787290),Brooks Miller,23787290,WR/FLEX/S-FLEX,3000,FAMU@UNC 08/27/2022 08:15PM ET,UNC,0
WR,Andre Greene Jr. (23787293),Andre Greene Jr.,23787293,WR/FLEX/S-FLEX,3000,FAMU@UNC 08/27/2022 08:15PM ET,UNC,0
WR,Michael Hall (23787296),Michael Hall,23787296,WR/FLEX/S-FLEX,3000,FAMU@UNC 08/27/2022 08:15PM ET,UNC,0
RB,Cross Patton (23786399),Cross Patton,23786399,RB/FLEX/S-FLEX,3000,NEV@NMST 08/27/2022 10:00PM ET,NEV,0
RB,Wesley Kommer (23786408),Wesley Kommer,23786408,RB/FLEX/S-FLEX,3000,NEV@NMST 08/27/2022 10:00PM ET,NEV,3.45
RB,Terrell Johnson (23786435),Terrell Johnson,23786435,RB/FLEX/S-FLEX,3000,NEV@NMST 08/27/2022 10:00PM ET,NEV,0
RB,Dylan Overstreet (23786459),Dylan Overstreet,23786459,RB/FLEX/S-FLEX,3000,NEV@NMST 08/27/2022 10:00PM ET,NEV,0.5
RB,Ty Collins (23786468),Ty Collins,23786468,RB/FLEX/S-FLEX,3000,NEV@NMST 08/27/2022 10:00PM ET,NEV,0
RB,Jacques Badolato-Birdsell (23786471),Jacques Badolato-Birdsell,23786471,RB/FLEX/S-FLEX,3000,NEV@NMST 08/27/2022 10:00PM ET,NEV,0
RB,Zion Burns (23786486),Zion Burns,23786486,RB/FLEX/S-FLEX,3000,NEV@NMST 08/27/2022 10:00PM ET,NEV,0
RB,Jeshua Fixel (23786498),Jeshua Fixel,23786498,RB/FLEX/S-FLEX,3000,NEV@NMST 08/27/2022 10:00PM ET,NEV,0
RB,Jamoni Jones (23786564),Jamoni Jones,23786564,RB/FLEX/S-FLEX,3000,NEV@NMST 08/27/2022 10:00PM ET,NMST,0
RB,Makhilyn Young (23786567),Makhilyn Young,23786567,RB/FLEX/S-FLEX,3000,NEV@NMST 08/27/2022 10:00PM ET,NMST,0
RB,Braylon Stewart (23786570),Braylon Stewart,23786570,RB/FLEX/S-FLEX,3000,NEV@NMST 08/27/2022 10:00PM ET,NMST,0
RB,Star Thomas (23786573),Star Thomas,23786573,RB/FLEX/S-FLEX,3000,NEV@NMST 08/27/2022 10:00PM ET,NMST,0
RB,Tim Gans (23786576),Tim Gans,23786576,RB/FLEX/S-FLEX,3000,NEV@NMST 08/27/2022 10:00PM ET,NMST,1.4
WR,Jacob Franklin (23786828),Jacob Franklin,23786828,WR/FLEX/S-FLEX,3000,NEV@NMST 08/27/2022 10:00PM ET,NMST,0
WR,Wyatt Campos (23786837),Wyatt Campos,23786837,WR/FLEX/S-FLEX,3000,NEV@NMST 08/27/2022 10:00PM ET,NMST,0
WR,Jacob Munro (23786855),Jacob Munro,23786855,WR/FLEX/S-FLEX,3000,NEV@NMST 08/27/2022 10:00PM ET,NEV,0
WR,Bronson Burrow (23786858),Bronson Burrow,23786858,WR/FLEX/S-FLEX,3000,NEV@NMST 08/27/2022 10:00PM ET,NEV,0
WR,Edwin Lacrosse (23786861),Edwin Lacrosse,23786861,WR/FLEX/S-FLEX,3000,NEV@NMST 08/27/2022 10:00PM ET,NEV,0
WR,Dyson Frank (23786864),Dyson Frank,23786864,WR/FLEX/S-FLEX,3000,NEV@NMST 08/27/2022 10:00PM ET,NEV,0
WR,Kevin Kremer (23786882),Kevin Kremer,23786882,WR/FLEX/S-FLEX,3000,NEV@NMST 08/27/2022 10:00PM ET,NEV,0
WR,Cameron Zeidler (23786885),Cameron Zeidler,23786885,WR/FLEX/S-FLEX,3000,NEV@NMST 08/27/2022 10:00PM ET,NEV,0
WR,Trevor Stephens (23786924),Trevor Stephens,23786924,WR/FLEX/S-FLEX,3000,NEV@NMST 08/27/2022 10:00PM ET,NMST,0
WR,Kareem Burgess (23786927),Kareem Burgess,23786927,WR/FLEX/S-FLEX,3000,NEV@NMST 08/27/2022 10:00PM ET,NMST,0
WR,Grant Oberheu (23786930),Grant Oberheu,23786930,WR/FLEX/S-FLEX,3000,NEV@NMST 08/27/2022 10:00PM ET,NMST,0
WR,Tyler Roebuck (23786933),Tyler Roebuck,23786933,WR/FLEX/S-FLEX,3000,NEV@NMST 08/27/2022 10:00PM ET,NMST,0
WR,Luteru Fedler (23786936),Luteru Fedler,23786936,WR/FLEX/S-FLEX,3000,NEV@NMST 08/27/2022 10:00PM ET,NMST,0
WR,J.J. Jones III (23786939),J.J. Jones III,23786939,WR/FLEX/S-FLEX,3000,NEV@NMST 08/27/2022 10:00PM ET,NMST,3.82
WR,Chris Bellamy (23786951),Chris Bellamy,23786951,WR/FLEX/S-FLEX,3000,NEV@NMST 08/27/2022 10:00PM ET,NMST,0
WR,Justice Powers (23786978),Justice Powers,23786978,WR/FLEX/S-FLEX,3000,NEV@NMST 08/27/2022 10:00PM ET,NMST,5.45
WR,Lawrence Dixon (23787002),Lawrence Dixon,23787002,WR/FLEX/S-FLEX,3000,NEV@NMST 08/27/2022 10:00PM ET,NMST,0.28
WR,Jeremiah Gradowitz (23787023),Jeremiah Gradowitz,23787023,WR/FLEX/S-FLEX,3000,NEV@NMST 08/27/2022 10:00PM ET,NEV,0
WR,Dazure Paggett (23787026),Dazure Paggett,23787026,WR/FLEX/S-FLEX,3000,NEV@NMST 08/27/2022 10:00PM ET,NEV,0
WR,Nick Vargas (23787038),Nick Vargas,23787038,WR/FLEX/S-FLEX,3000,NEV@NMST 08/27/2022 10:00PM ET,NEV,0
WR,Victor Snow (23787041),Victor Snow,23787041,WR/FLEX/S-FLEX,3000,NEV@NMST 08/27/2022 10:00PM ET,NEV,0
WR,Kola Babalola (23787044),Kola Babalola,23787044,WR/FLEX/S-FLEX,3000,NEV@NMST 08/27/2022 10:00PM ET,NEV,0
WR,Tyler Clark (23787068),Tyler Clark,23787068,WR/FLEX/S-FLEX,3000,NEV@NMST 08/27/2022 10:00PM ET,NEV,0
WR,Elijah Barclay (23787074),Elijah Barclay,23787074,WR/FLEX/S-FLEX,3000,NEV@NMST 08/27/2022 10:00PM ET,NEV,0
WR,Marquis Ashley (23787077),Marquis Ashley,23787077,WR/FLEX/S-FLEX,3000,NEV@NMST 08/27/2022 10:00PM ET,NEV,0
WR,Keenan Speer-Johnson (23787089),Keenan Speer-Johnson,23787089,WR/FLEX/S-FLEX,3000,NEV@NMST 08/27/2022 10:00PM ET,NEV,0
WR,Lucas Prendergrast (23787104),Lucas Prendergrast,23787104,WR/FLEX/S-FLEX,3000,NEV@NMST 08/27/2022 10:00PM ET,NEV,0
WR,Jalyne McFall (23787224),Jalyne McFall,23787224,WR/FLEX/S-FLEX,3000,NEV@NMST 08/27/2022 10:00PM ET,NMST,0
WR,Tevis Abraham Jr. (23787227),Tevis Abraham Jr.,23787227,WR/FLEX/S-FLEX,3000,NEV@NMST 08/27/2022 10:00PM ET,NMST,0
WR,Daniel Redmond (23787230),Daniel Redmond,23787230,WR/FLEX/S-FLEX,3000,NEV@NMST 08/27/2022 10:00PM ET,NMST,0
WR,Jonathan Brady (23787233),Jonathan Brady,23787233,WR/FLEX/S-FLEX,3000,NEV@NMST 08/27/2022 10:00PM ET,NMST,0
WR,Bryce Childress (23787236),Bryce Childress,23787236,WR/FLEX/S-FLEX,3000,NEV@NMST 08/27/2022 10:00PM ET,NMST,0
WR,Sol Rascon (23787239),Sol Rascon,23787239,WR/FLEX/S-FLEX,3000,NEV@NMST 08/27/2022 10:00PM ET,NMST,0
WR,Jordin Parker (23787242),Jordin Parker,23787242,WR/FLEX/S-FLEX,3000,NEV@NMST 08/27/2022 10:00PM ET,NMST,0
WR,Ta'ir Brooks (23787245),Ta'ir Brooks,23787245,WR/FLEX/S-FLEX,3000,NEV@NMST 08/27/2022 10:00PM ET,NMST,0
WR,Erik Cueto (23787248),Erik Cueto,23787248,WR/FLEX/S-FLEX,3000,NEV@NMST 08/27/2022 10:00PM ET,NMST,0
WR,Ron Vann (23787251),Ron Vann,23787251,WR/FLEX/S-FLEX,3000,NEV@NMST 08/27/2022 10:00PM ET,NMST,1.6
WR,Ethan Singleton (23787254),Ethan Singleton,23787254,WR/FLEX/S-FLEX,3000,NEV@NMST 08/27/2022 10:00PM ET,NMST,0
WR,Ivan Avina (23787257),Ivan Avina,23787257,WR/FLEX/S-FLEX,3000,NEV@NMST 08/27/2022 10:00PM ET,NMST,0
WR,Braxton McDonald (23787260),Braxton McDonald,23787260,WR/FLEX/S-FLEX,3000,NEV@NMST 08/27/2022 10:00PM ET,NMST,0
RB,Chavon McEachern (23786396),Chavon McEachern,23786396,RB/FLEX/S-FLEX,3000,CHAR@FAU 08/27/2022 07:00PM ET,CHAR,5.88
RB,Chavion Smith (23786414),Chavion Smith,23786414,RB/FLEX/S-FLEX,3000,CHAR@FAU 08/27/2022 07:00PM ET,CHAR,1.3
RB,Kelvin Dean Jr. (23786423),Kelvin Dean Jr.,23786423,RB/FLEX/S-FLEX,3000,CHAR@FAU 08/27/2022 07:00PM ET,FAU,4.53
RB,Henry Rutledge (23786432),Henry Rutledge,23786432,RB/FLEX/S-FLEX,3000,CHAR@FAU 08/27/2022 07:00PM ET,CHAR,0.4
RB,Keegan Williams (23786441),Keegan Williams,23786441,RB/FLEX/S-FLEX,3000,CHAR@FAU 08/27/2022 07:00PM ET,CHAR,0
RB,Hahsaun Wilson (23786450),Hahsaun Wilson,23786450,RB/FLEX/S-FLEX,3000,CHAR@FAU 08/27/2022 07:00PM ET,CHAR,0
RB,Zuberi Mobley (23786453),Zuberi Mobley,23786453,RB/FLEX/S-FLEX,3000,CHAR@FAU 08/27/2022 07:00PM ET,FAU,3.5
RB,Jaylen Donaldson (23786507),Jaylen Donaldson,23786507,RB/FLEX/S-FLEX,3000,CHAR@FAU 08/27/2022 07:00PM ET,CHAR,0
RB,Micah Bell (23786510),Micah Bell,23786510,RB/FLEX/S-FLEX,3000,CHAR@FAU 08/27/2022 07:00PM ET,CHAR,0
RB,Johnny Martin III (23786519),Johnny Martin III,23786519,RB/FLEX/S-FLEX,3000,CHAR@FAU 08/27/2022 07:00PM ET,CHAR,0
RB,Marquish Seabon (23786552),Marquish Seabon,23786552,RB/FLEX/S-FLEX,3000,CHAR@FAU 08/27/2022 07:00PM ET,FAU,0
RB,Robert Armes (23786555),Robert Armes,23786555,RB/FLEX/S-FLEX,3000,CHAR@FAU 08/27/2022 07:00PM ET,FAU,0
RB,Jonathan Francois (23786558),Jonathan Francois,23786558,RB/FLEX/S-FLEX,3000,CHAR@FAU 08/27/2022 07:00PM ET,FAU,0
RB,Keyvon Walker (23786561),Keyvon Walker,23786561,RB/FLEX/S-FLEX,3000,CHAR@FAU 08/27/2022 07:00PM ET,FAU,0
WR,Eugene Minter Jr. (23786825),Eugene Minter Jr.,23786825,WR/FLEX/S-FLEX,3000,CHAR@FAU 08/27/2022 07:00PM ET,CHAR,9.67
WR,Adam Boselli (23786831),Adam Boselli,23786831,WR/FLEX/S-FLEX,3000,CHAR@FAU 08/27/2022 07:00PM ET,FAU,0
WR,Colin Weber (23786834),Colin Weber,23786834,WR/FLEX/S-FLEX,3000,CHAR@FAU 08/27/2022 07:00PM ET,CHAR,0.8
WR,Jake Clemons (23786843),Jake Clemons,23786843,WR/FLEX/S-FLEX,3000,CHAR@FAU 08/27/2022 07:00PM ET,CHAR,4.43
WR,Carter Boatwright (23786846),Carter Boatwright,23786846,WR/FLEX/S-FLEX,3000,CHAR@FAU 08/27/2022 07:00PM ET,FAU,0
WR,Bryce Kennon (23786852),Bryce Kennon,23786852,WR/FLEX/S-FLEX,3000,CHAR@FAU 08/27/2022 07:00PM ET,CHAR,2.5
WR,Jaylan Williams (23786879),Jaylan Williams,23786879,WR/FLEX/S-FLEX,3000,CHAR@FAU 08/27/2022 07:00PM ET,CHAR,0
WR,Jake McTaggart (23786891),Jake McTaggart,23786891,WR/FLEX/S-FLEX,3000,CHAR@FAU 08/27/2022 07:00PM ET,CHAR,0
WR,Lucas Luft (23786918),Lucas Luft,23786918,WR/FLEX/S-FLEX,3000,CHAR@FAU 08/27/2022 07:00PM ET,FAU,0
WR,Jacob Pasley (23786921),Jacob Pasley,23786921,WR/FLEX/S-FLEX,3000,CHAR@FAU 08/27/2022 07:00PM ET,FAU,0
WR,BJ Alexander (23786957),BJ Alexander,23786957,WR/FLEX/S-FLEX,3000,CHAR@FAU 08/27/2022 07:00PM ET,FAU,0
WR,Quinton Patten (23786963),Quinton Patten,23786963,WR/FLEX/S-FLEX,3000,CHAR@FAU 08/27/2022 07:00PM ET,CHAR,0
WR,Kendric Blake Jr. (23786975),Kendric Blake Jr.,23786975,WR/FLEX/S-FLEX,3000,CHAR@FAU 08/27/2022 07:00PM ET,CHAR,0
WR,Tony Johnson (23787008),Tony Johnson,23787008,WR/FLEX/S-FLEX,3000,CHAR@FAU 08/27/2022 07:00PM ET,FAU,0
WR,Nolan Groulx (23787029),Nolan Groulx,23787029,WR/FLEX/S-FLEX,3000,CHAR@FAU 08/27/2022 07:00PM ET,CHAR,0
WR,Trey Blount (23787032),Trey Blount,23787032,WR/FLEX/S-FLEX,3000,CHAR@FAU 08/27/2022 07:00PM ET,CHAR,0
WR,Charlie C.C. Fish (23787035),Charlie C.C. Fish,23787035,WR/FLEX/S-FLEX,3000,CHAR@FAU 08/27/2022 07:00PM ET,CHAR,0
WR,Roger Walters (23787062),Roger Walters,23787062,WR/FLEX/S-FLEX,3000,CHAR@FAU 08/27/2022 07:00PM ET,CHAR,0
WR,Tre' Goode (23787065),Tre' Goode,23787065,WR/FLEX/S-FLEX,3000,CHAR@FAU 08/27/2022 07:00PM ET,CHAR,0
WR,Freddie Felton III (23787080),Freddie Felton III,23787080,WR/FLEX/S-FLEX,3000,CHAR@FAU 08/27/2022 07:00PM ET,CHAR,0
WR,Devin Pellom (23787086),Devin Pellom,23787086,WR/FLEX/S-FLEX,3000,CHAR@FAU 08/27/2022 07:00PM ET,CHAR,0
WR,Jack Reynolds (23787101),Jack Reynolds,23787101,WR/FLEX/S-FLEX,3000,CHAR@FAU 08/27/2022 07:00PM ET,CHAR,0
WR,Xander Lamb (23787110),Xander Lamb,23787110,WR/FLEX/S-FLEX,3000,CHAR@FAU 08/27/2022 07:00PM ET,CHAR,0
WR,Andre Francois (23787131),Andre Francois,23787131,WR/FLEX/S-FLEX,3000,CHAR@FAU 08/27/2022 07:00PM ET,CHAR,0
WR,Reggie Givhan III (23787134),Reggie Givhan III,23787134,WR/FLEX/S-FLEX,3000,CHAR@FAU 08/27/2022 07:00PM ET,CHAR,0
WR,Sean Brown (23787149),Sean Brown,23787149,WR/FLEX/S-FLEX,3000,CHAR@FAU 08/27/2022 07:00PM ET,CHAR,0
WR,Elisha Edwards (23787152),Elisha Edwards,23787152,WR/FLEX/S-FLEX,3000,CHAR@FAU 08/27/2022 07:00PM ET,CHAR,0
WR,Bryce Parker (23787155),Bryce Parker,23787155,WR/FLEX/S-FLEX,3000,CHAR@FAU 08/27/2022 07:00PM ET,CHAR,0
WR,Wyatt Sullivan (23787197),Wyatt Sullivan,23787197,WR/FLEX/S-FLEX,3000,CHAR@FAU 08/27/2022 07:00PM ET,FAU,0
WR,Jordan Campbell (23787200),Jordan Campbell,23787200,WR/FLEX/S-FLEX,3000,CHAR@FAU 08/27/2022 07:00PM ET,FAU,0
WR,William Ford (23787203),William Ford,23787203,WR/FLEX/S-FLEX,3000,CHAR@FAU 08/27/2022 07:00PM ET,FAU,0
WR,Donovan Giles (23787206),Donovan Giles,23787206,WR/FLEX/S-FLEX,3000,CHAR@FAU 08/27/2022 07:00PM ET,FAU,0
WR,Jymetre Hester (23787209),Jymetre Hester,23787209,WR/FLEX/S-FLEX,3000,CHAR@FAU 08/27/2022 07:00PM ET,FAU,0
WR,Omari Hayes (23787212),Omari Hayes,23787212,WR/FLEX/S-FLEX,3000,CHAR@FAU 08/27/2022 07:00PM ET,FAU,0
WR,Kobe Stewart (23787215),Kobe Stewart,23787215,WR/FLEX/S-FLEX,3000,CHAR@FAU 08/27/2022 07:00PM ET,FAU,0
WR,Jayshon Platt (23787218),Jayshon Platt,23787218,WR/FLEX/S-FLEX,3000,CHAR@FAU 08/27/2022 07:00PM ET,FAU,0
WR,A'ceon Cobb (23787221),A'ceon Cobb,23787221,WR/FLEX/S-FLEX,3000,CHAR@FAU 08/27/2022 07:00PM ET,FAU,0
RB,Willie Eldridge (23786402),Willie Eldridge,23786402,RB/FLEX/S-FLEX,3000,UNT@UTEP 08/27/2022 09:00PM ET,UTEP,5.1
RB,Ayo Adeyi (23786411),Ayo Adeyi,23786411,RB/FLEX/S-FLEX,3000,UNT@UTEP 08/27/2022 09:00PM ET,UNT,8.69
RB,James Tupou (23786426),James Tupou,23786426,RB/FLEX/S-FLEX,3000,UNT@UTEP 08/27/2022 09:00PM ET,UTEP,1.12
RB,Michael Young (23786447),Michael Young,23786447,RB/FLEX/S-FLEX,3000,UNT@UTEP 08/27/2022 09:00PM ET,UTEP,0
RB,Daviawn Bishop (23786462),Daviawn Bishop,23786462,RB/FLEX/S-FLEX,3000,UNT@UTEP 08/27/2022 09:00PM ET,UNT,0
RB,Preston Landis (23786465),Preston Landis,23786465,RB/FLEX/S-FLEX,3000,UNT@UTEP 08/27/2022 09:00PM ET,UNT,0
RB,Qualon Farrar (23786483),Qualon Farrar,23786483,RB/FLEX/S-FLEX,3000,UNT@UTEP 08/27/2022 09:00PM ET,UNT,0
RB,Quincy Kemp (23786489),Quincy Kemp,23786489,RB/FLEX/S-FLEX,3000,UNT@UTEP 08/27/2022 09:00PM ET,UNT,0
RB,BK Jackson (23786495),BK Jackson,23786495,RB/FLEX/S-FLEX,3000,UNT@UTEP 08/27/2022 09:00PM ET,UNT,0
RB,Jalen Joseph (23786537),Jalen Joseph,23786537,RB/FLEX/S-FLEX,3000,UNT@UTEP 08/27/2022 09:00PM ET,UTEP,1.1
RB,Angel Gonzalez (23786540),Angel Gonzalez,23786540,RB/FLEX/S-FLEX,3000,UNT@UTEP 08/27/2022 09:00PM ET,UTEP,0
RB,Torrance Burgess Jr. (23786543),Torrance Burgess Jr.,23786543,RB/FLEX/S-FLEX,3000,UNT@UTEP 08/27/2022 09:00PM ET,UTEP,0
RB,Zachary Essih (23786546),Zachary Essih,23786546,RB/FLEX/S-FLEX,3000,UNT@UTEP 08/27/2022 09:00PM ET,UTEP,0
RB,Cartraven Walker (23786549),Cartraven Walker,23786549,RB/FLEX/S-FLEX,3000,UNT@UTEP 08/27/2022 09:00PM ET,UTEP,0
WR,Var'Keyes Gumms (23786789),Var'Keyes Gumms,23786789,WR/FLEX/S-FLEX,3000,UNT@UTEP 08/27/2022 09:00PM ET,UNT,0
WR,Luke Soto (23786798),Luke Soto,23786798,WR/FLEX/S-FLEX,3000,UNT@UTEP 08/27/2022 09:00PM ET,UTEP,0
WR,Asher Alberding (23786801),Asher Alberding,23786801,WR/FLEX/S-FLEX,3000,UNT@UTEP 08/27/2022 09:00PM ET,UNT,0
WR,Devon Daich (23786810),Devon Daich,23786810,WR/FLEX/S-FLEX,3000,UNT@UTEP 08/27/2022 09:00PM ET,UTEP,0
WR,Christian Lee (23786819),Christian Lee,23786819,WR/FLEX/S-FLEX,3000,UNT@UTEP 08/27/2022 09:00PM ET,UNT,0
WR,Xzavior Kautai (23786822),Xzavior Kautai,23786822,WR/FLEX/S-FLEX,3000,UNT@UTEP 08/27/2022 09:00PM ET,UNT,0
WR,Zac Farris (23786894),Zac Farris,23786894,WR/FLEX/S-FLEX,3000,UNT@UTEP 08/27/2022 09:00PM ET,UNT,0
WR,Luke Seib (23786897),Luke Seib,23786897,WR/FLEX/S-FLEX,3000,UNT@UTEP 08/27/2022 09:00PM ET,UTEP,0
WR,Juan Camacho Jr. (23786900),Juan Camacho Jr.,23786900,WR/FLEX/S-FLEX,3000,UNT@UTEP 08/27/2022 09:00PM ET,UTEP,0
WR,Jacob Trim (23786903),Jacob Trim,23786903,WR/FLEX/S-FLEX,3000,UNT@UTEP 08/27/2022 09:00PM ET,UTEP,0
WR,Samuel Mikaele (23786906),Samuel Mikaele,23786906,WR/FLEX/S-FLEX,3000,UNT@UTEP 08/27/2022 09:00PM ET,UTEP,0
WR,Wyatt Dyer (23786909),Wyatt Dyer,23786909,WR/FLEX/S-FLEX,3000,UNT@UTEP 08/27/2022 09:00PM ET,UTEP,0
WR,Julian Lopez (23786912),Julian Lopez,23786912,WR/FLEX/S-FLEX,3000,UNT@UTEP 08/27/2022 09:00PM ET,UTEP,0
WR,Rashad Beecham (23786915),Rashad Beecham,23786915,WR/FLEX/S-FLEX,3000,UNT@UTEP 08/27/2022 09:00PM ET,UTEP,1.7
WR,Lucas Flores (23786954),Lucas Flores,23786954,WR/FLEX/S-FLEX,3000,UNT@UTEP 08/27/2022 09:00PM ET,UTEP,0
WR,Latrell Neville (23786960),Latrell Neville,23786960,WR/FLEX/S-FLEX,3000,UNT@UTEP 08/27/2022 09:00PM ET,UNT,0
WR,Khatib Lyles (23786972),Khatib Lyles,23786972,WR/FLEX/S-FLEX,3000,UNT@UTEP 08/27/2022 09:00PM ET,UNT,4.93
WR,Dorian Morris (23786984),Dorian Morris,23786984,WR/FLEX/S-FLEX,3000,UNT@UTEP 08/27/2022 09:00PM ET,UNT,0
WR,Caleb Johnson (23786987),Caleb Johnson,23786987,WR/FLEX/S-FLEX,3000,UNT@UTEP 08/27/2022 09:00PM ET,UNT,0
WR,Evan Greene (23786990),Evan Greene,23786990,WR/FLEX/S-FLEX,3000,UNT@UTEP 08/27/2022 09:00PM ET,UNT,0
WR,Zhighlil McMillan (23786993),Zhighlil McMillan,23786993,WR/FLEX/S-FLEX,3000,UNT@UTEP 08/27/2022 09:00PM ET,UNT,2
WR,Damon Ward (23786996),Damon Ward,23786996,WR/FLEX/S-FLEX,3000,UNT@UTEP 08/27/2022 09:00PM ET,UNT,8.01
WR,Josh Farr (23786999),Josh Farr,23786999,WR/FLEX/S-FLEX,3000,UNT@UTEP 08/27/2022 09:00PM ET,UTEP,0
WR,Jordan Smart (23787092),Jordan Smart,23787092,WR/FLEX/S-FLEX,3000,UNT@UTEP 08/27/2022 09:00PM ET,UNT,0
WR,Caden Park (23787098),Caden Park,23787098,WR/FLEX/S-FLEX,3000,UNT@UTEP 08/27/2022 09:00PM ET,UNT,0
WR,Richard Rocquemore (23787125),Richard Rocquemore,23787125,WR/FLEX/S-FLEX,3000,UNT@UTEP 08/27/2022 09:00PM ET,UNT,0
WR,Dorian Windley (23787137),Dorian Windley,23787137,WR/FLEX/S-FLEX,3000,UNT@UTEP 08/27/2022 09:00PM ET,UNT,0
WR,Luke Rossley (23787140),Luke Rossley,23787140,WR/FLEX/S-FLEX,3000,UNT@UTEP 08/27/2022 09:00PM ET,UNT,0
WR,Jake Cook (23787161),Jake Cook,23787161,WR/FLEX/S-FLEX,3000,UNT@UTEP 08/27/2022 09:00PM ET,UNT,0
WR,Ryan Gonzales (23787167),Ryan Gonzales,23787167,WR/FLEX/S-FLEX,3000,UNT@UTEP 08/27/2022 09:00PM ET,UTEP,0
WR,Mister Chavis (23787170),Mister Chavis,23787170,WR/FLEX/S-FLEX,3000,UNT@UTEP 08/27/2022 09:00PM ET,UTEP,0
WR,Kyle McNamara (23787173),Kyle McNamara,23787173,WR/FLEX/S-FLEX,3000,UNT@UTEP 08/27/2022 09:00PM ET,UTEP,0
WR,Marcus Bellon (23787176),Marcus Bellon,23787176,WR/FLEX/S-FLEX,3000,UNT@UTEP 08/27/2022 09:00PM ET,UTEP,0
WR,Khalil Warfield (23787179),Khalil Warfield,23787179,WR/FLEX/S-FLEX,3000,UNT@UTEP 08/27/2022 09:00PM ET,UTEP,0
WR,Emari White (23787182),Emari White,23787182,WR/FLEX/S-FLEX,3000,UNT@UTEP 08/27/2022 09:00PM ET,UTEP,0
WR,Penny Baker (23787185),Penny Baker,23787185,WR/FLEX/S-FLEX,3000,UNT@UTEP 08/27/2022 09:00PM ET,UTEP,0
WR,Jonathan Patrick Jr. (23787188),Jonathan Patrick Jr.,23787188,WR/FLEX/S-FLEX,3000,UNT@UTEP 08/27/2022 09:00PM ET,UTEP,0
WR,Jaylen Davis (23787191),Jaylen Davis,23787191,WR/FLEX/S-FLEX,3000,UNT@UTEP 08/27/2022 09:00PM ET,UTEP,0
WR,Mike Malewitz (23787194),Mike Malewitz,23787194,WR/FLEX/S-FLEX,3000,UNT@UTEP 08/27/2022 09:00PM ET,UTEP,0
