Team,QB,RB,WR,
Air Force,Haaziq Daniels,Brad Roberts,Dane Kinamon,
Air Force,Zac Larrier,John Lee Eldridge III,James Bryant,
Air Force,Jensen Jones,Emmanuel Michel,DeAndre Hughes,
Air Force,,Omar Fattah,Caleb Rillos,
Air Force,,Jacob Trach,Wyatt Wilson,
Air Force,,Jet Herris,Kyle Patterson,
Air Force,,Owen Burk,Caleb Rillos,
Air Force,,Wesley Erwin,Ben Jefferson,
Air Force,,Kale Gibbs,David Cormier,
Air Force,,Sione Angilau,,
Air Force,,Aiden Calvert,,
Air Force,,Jalen Johnson,,
Alabama,Bryce Young,Jahmyr Gibbs,Traeshon Holden,
Alabama,Jalen Milroe,Trey Sanders,Jermaine Burton,
Alabama,Ty Simpson,Jase McClellan,JoJo Earle,
Alabama,,Roydell Williams,Kobe Prentice,
Alabama,,Jamarion Miller,Tyrell Harrell,
Alabama,,,Cameron Latu,
Alabama,,,Christian Leary,
Alabama,,,Ja'Corey Brooks,
Alabama,,,Robbie Ouzts,
Alabama,,,Aaron Anderson,
Alabama,,,Kendrick Law,
Alabama,,,Thaiu Jones-Bell,
Appalachian State,Chase Brice,Nate Noel,Dashaun Davis,
Appalachian State,Brady McBride,Camerun Peoples,Kaedin Robinson,
Appalachian State,Ryan Burger,Ahmani Marshall,Christian Horn,
Appalachian State,,Anderson Castle,Henry Pearson,
Appalachian State,,,Christian Wells,
Appalachian State,,,Tyler Page,
Appalachian State,,,Eli Wilson,
Appalachian State,,,Michael Hetzel,
Appalachian State,,,Dalton Stroman,
Appalachian State,,,Miller Gibbs,
Arizona,Jayden de Laura,Michael Wiley,Jacob Cowing,
Arizona,Jordan McCloud,Jonah Coleman,Tetairoa McMillan,
Arizona,Noah Fifita,DJ Williams,Dorian Singer,
Arizona,,,Alex Lines,
Arizona,,,AJ Jones,
Arizona,,,Anthony Simpson,
Arizona,,,Kevin Green Jr.,
Arizona,,,Keyan Burnett,
Arizona State,Emory Jones,X Valladay,Elijhah Badger,
Arizona State,Paul Tyson,Daniyel Ngata,Bryan Thompson,
Arizona State,Trenton Bouguet,George Hart III,Giovanni Sanders,
Arizona State,,Tevin White,Messiah Swinson,
Arizona State,,,Andre Johnson,
Arizona State,,,Cam Johnson,
Arizona State,,,Charles Hall IV,
Arizona State,,,Jalin Conyers,
Arizona State,,,Case Hatch,
Arizona State,,,Chad Johnson Jr.,
Arizona State,,,Javen Jacobs,
Arizona State,,,Zeek Freeman,
Arkansas,KJ Jefferson,Raheim Sanders,Trey Knox,
Arkansas,Malik Hornsby,AJ Green,Jadon Haselwood,
Arkansas,,,Matt Landers,
Arkansas,,,Warren Thompson,
Arkansas,,,Ketron Jackson Jr.,
Arkansas,,,Jaedon Wilson,
Arkansas,,,Bryce Stephens,
Arkansas,,,Nathan Bax,
Arkansas,,,Sam Mbake,
Arkansas,,,Quincey McAdoo,
Arkansas,,,Isaiah Sategna,
Arkansas,,,Hudson Henry,
Arkansas,,,Harper Cole,
Army,Tyhier Tyler,Tyson Riley,Isaiah Alston,
Army,Cade Ballard,Tyrell Robinson,Cole Caterbone,
Army,,Ay'Jaun Marshall,Joshua Lingenfelter,
Army,,Braheam Murphy,Blane Cleaver,
Army,,Miles Stewart,,
Army,,Jakobi Buchanon,,
Auburn,T.J. Finley,Tank Bigsby,Ja'Varrius Johnson,
Auburn,Robby Ashford,Jarquez Hunter,Shedrick Jackson,
Auburn,,,John Samuel Shenker,
Auburn,,,Malcom Johnson Jr.,
Auburn,,,Camden Brown,
Auburn,,,Koy Moore,
Auburn,,,Tar'Varish Dawson,
Auburn,,,Luke Deal,
Ball State,John Paddock,Carson Steele,Jayshon Jackson,
Ball State,Colin Blazek,Will Jones,Yo'Heinz Tyler,
Ball State,,,Amir Abdur-Rahman,
Ball State,,,Brady Hunt,
Ball State,,,Tanner Koziol,
Ball State,,,Nick Presley,
Ball State,,,Derin McCulley,
Ball State,,,Dean Tate,
Ball State,,,Casey Coll,
Ball State,,,Ryan Lezon,
Baylor,Blake Shapen,Taye McWilliams,Seth Jones,
Baylor,Kyron Drones,Qualan Jones,Ben Sims,
Baylor,Luke Anthony,Richard Reese,Hal Presley,
Baylor,Brayson McHenry,Craig Williams,Monaray Baldwin,
Baylor,Landry Kinne,Josh Fleeks,Amani Winfield,
Baylor,,,Gavin Holmes,
Baylor,,,Javon Gipson,
Baylor,,,Drake Dabney,
Baylor,,,Kelsey Johnson,
Baylor,,,Josh Cameron,
Baylor,,,Jordan Nabors,
Baylor,,,Jonathan Davidson,
Boise State,Hank Bachmeier,George Holani,Stefan Cobbs,
Boise State,Taylen Green,Ashton Jeanty,Latrell Caples,
Boise State,,,Billy Bowens,
Boise State,,,Riley Smith,
Boise State,,,Cole Wright,
Boise State,,,Davis Koetter,
Boise State,,,Eric MacAlister,
Boise State,,,Tyneil Hopper,
Boise State,,,Kurt Rafdal,
Boston College,Phil Jurkovec,Pat Garwo III,Zay Flowers,
Boston College,Emmett Morehead,Alec Sinkfield,George Takacs,
Boston College,Matthew Rueve,Cam Barfield,Jaden Williams,
Boston College,,Xavier Coleman,Jaelen Gill,
Boston College,,Alex Broome,Joseph Griffin,
Boston College,,,Lewis Bond,
Boston College,,,Taji Johnson,
Boston College,,,Jeremiah Franklin,
Boston College,,,Hans Lillis,
BYU,Jaren Hall,Christopher Brooks,Chase Roberts,
BYU,Jacob Conover,Lopini Katoa,Puka Nacua,
BYU,,Miles Davis,Keanu Hill,
BYU,,,Gunner Romney,
BYU,,,Kody Epps,
BYU,,,Brayden Cosper,
BYU,,,Isaac Rex,
BYU,,,Dallin Holker,
BYU,,,Masen Wake,
Central Michigan,Daniel Richardson,Lew Nichols III,Jalen McGaughy,
Central Michigan,Jase Bauer,Myles Bailey,Dallas Dixon,
Central Michigan,Tyler Pape,Jordyn Williams,Carlos Carriere,
Central Michigan,Bert Emanuel,Sam Hicks,Joel Wilson,
Central Michigan,,Finn Hogan,Jordyn Williams,
Central Michigan,,Alec Palella,Sam Hicks,
Central Michigan,,,Finn Hogan,
Central Michigan,,,Alec Palella,
Central Michigan,,,Alec Ward,
Central Michigan,,,Irone Jackson,
Central Michigan,,,Noah Koenigsknecht,
Charlotte,Chris Reynolds,Shadrick Byrd,Grant DuBose,
Charlotte,James Foster,Calvin Camp,Elijah Spencer,
Charlotte,Xavier Williams,ChaVon McEachern,Victor Tucker,
Charlotte,,,Taylor Thompson,
Charlotte,,,Sean Brown,
Charlotte,,,Tre' Goode,
Charlotte,,,Nolan Groulx,
Charlotte,,,Jake Clemons,
Charlotte,,,Bryce Kennon,
Coastal Carolina,Grayson McCall,Braydon Bennett,Tyson Mobley,
Coastal Carolina,Bryce Carpenter,Reese White,Sam Pinckney,
Coastal Carolina,,Aaron Bedgood,Jared Brown,
Coastal Carolina,,C.J. Beasley,Xavier Gravette,
Coastal Carolina,,,Tyler Roberts,
Coastal Carolina,,,Chris Rhone,
Coastal Carolina,,,Deon Fountain,
Coastal Carolina,,,Jacob Jenkins,
Coastal Carolina,,,Patrick McSweeney,
Colorado,Brendon Lewis,Alex Fontenot,Daniel Arias,
Colorado,J.T. Shrout,Deion Smith,Brady Russell,
Colorado,Owen McCown,Jayle Stacks,Maurice Bell,
Colorado,Drew Carter,Chalie Offerdahl,Montana Lemonious-Craig,
Colorado,Maddox Kopp,Victor Venn,Jordyn Tyson,
Colorado,,,R.J. Sneed II,
Colorado,,,Chase Penry,
Colorado,,,Chase Sowell,
Colorado,,,Jack Hestera,
Colorado,,,Caleb Fauria,
Colorado,,,Jaylon Jackson,
Colorado,,,Michael Harrison,
Colorado,,,Grant Page,
Colorado,,,Austin Smith,
Colorado,,,Erik Olsen,
Duke,Riley Leonard,Jaylen Coleman,Jalon Calhoun,
Duke,Jordan Moore,Jaquez Moore,Eli Pancol,
Duke,,Jordan Waters,Sahmir Hagans,
Duke,,Terry Moore,Jontavis Robertson,
Duke,,,Darrell Harding Jr.,
Duke,,,Malik Bowen-Sims,
Duke,,,Nicky Dalmolin,
Duke,,,Cole Finney,
Eastern Michigan,Taylor Powell,Samson Evans,Tanner Knue,
Eastern Michigan,Austin Smith,Jaylon Jackson,Hassan Beydoun,
Eastern Michigan,,Darius Boone Jr.,Dylan Drummond,
Eastern Michigan,,Bryson Moss,Zach Westmoreland,
Eastern Michigan,,,Gunnar Oakes,
Eastern Michigan,,,Andreas Paaske,
Eastern Michigan,,,Darius Lassiter,
Eastern Michigan,,,I'Shawn Stewart,
Florida,Anthony Richardson,Nay'Quan Wright,Ricky Pearsall,
Florida,Jalen Kitna,Montrell Johnson Jr.,Xzavier Henderson,
Florida,Kyle Engel,Trevor Etienne,Justin Shorter,
Florida,,Lorenzo Lingard,Dante Zanders,
Florida,,,Ja'Quavion Fraziars,
Florida,,,Trent Whittemore,
Florida,,,Daejon Reynolds,
Florida,,,Marcus Burke,
Florida,,,Ja'Markis Weston,
Florida Intl,Gunnar Holmberg,EJ Wilson,Sharod Johnson,
Florida Intl,Grayson James,Lexington Joseph,Tyrese Chambers,
Florida Intl,Haden Carlson,Leo Parker,Jalen Bracey,
Florida Intl,,,Josiah Miamen,
Florida Intl,,,Nate Jefferson,
Florida Intl,,,Jacolby Hewitt,
Florida Intl,,,Randall St. Felix,
Florida Intl,,,Rivaldo Fairweather,
Florida Intl,,,Artez Hooker,
Florida Intl,,,Kris Mitchell,
Florida Intl,,,Jordan Underwood,
Florida Intl,,,Jackson McDonald,
Florida State,Jordan Travis,Treshaun Ward,Ontaria Wilson,
Florida State,Tate Rodemaker,Lawrance Toafili,Johnny Wilson,
Florida State,AJ Duffy,Trey Benson,Mycah Pittman,
Florida State,,Rodney Hill,Camren McDonald,
Florida State,,,Deuce Spann,
Florida State,,,Malik McClain,
Florida State,,,Ja'Khi Douglas,
Florida State,,,Wyatt Rector,
Florida State,,,Joshua Burrell,
Florida State,,,Winston Wright,
Florida State,,,Keyshawn Helton,
Florida State,,,Preston Daniel,
Fresno State,Jake Haener,Jordan Mims,Jalen Moreno-Cropper,
Fresno State,Logan Fife,Malik Sherrod,Nikko Remigio,
Fresno State,,,Raymond Pauwels Jr.,
Fresno State,,,Josh Kelly,
Fresno State,,,Erik Brooks,
Fresno State,,,Zane Pope,
Fresno State,,,Ty Jones,
Fresno State,,,Tre Watson,
Georgia Southern,Kyle Vantrease,Gerald Green,Jeremy Singleton,
Georgia Southern,Connor Cigelske,Jalen White,Derwin Burgess Jr.,
Georgia Southern,,OJ Arnold,Khaleb Hood,
Georgia Southern,,Terron Dixon II,Beau Johnson,
Georgia Southern,,,Amare Jones,
Georgia Southern,,,Parker Self,
Georgia Southern,,,Marcus Sanders Jr.,
Georgia Southern,,,Sam Kenerson,
Georgia State,Darren Grainger,Tucker Gregg,Robert Lewis,
Georgia State,Mikele Colasurdo,Jamyest Williams,Jamari Thrash,
Georgia State,Steven Krajewski,Marcus Carroll,Terrance Dixon,
Georgia State,,,Kris Byrd,
Georgia State,,,Ja'Cyais Credle,
Georgia State,,,Cadarrius Thompson,
Georgia State,,,LaMarcus Brand,
Georgia State,,,Aubry Payne,
Georgia State,,,Rykem Laney,
Hawaii,Brayden Schager,Dedrick Parson,James Phillips,
Hawaii,Joey Yellen,Nasjzae,Dior Scott,
Hawaii,,Tylan Hines,Jalen Walthall,
Hawaii,,Jordan Johnson,Jordan Murray,
Hawaii,,,Zion Bowens,
Hawaii,,,Grey Ihu,
Hawaii,,,Jonah Panoke,
Hawaii,,,Tamatoa Mokiao-Atimalala,
Hawaii,,,Caleb Phillips,
Houston,Clayton Tune,Ta'Zhawn Henry,Nathaniel Dell,
Houston,Holman Edwards,Brandon Campbell,Matthew Golden,
Houston,,,Christian Trahan,
Houston,,,KeSean Carter,
Houston,,,Joseph Manjack IV,
Houston,,,Samuel Brown,
Houston,,,CJ Nelson,
Houston,,,Peyton Sawyer,
Houston,,,Matt Byrnes,
Illinois,Tommy DeVito,Casey Washington,Isaiah Williams,
Illinois,Artur Sitkowski,Brian Hightower,Brian Hightower,
Illinois,Ryan Johnson,Hank Beatty,Pat Bryant,
Illinois,,Eian Pugh,Casey Washington,
Illinois,,,Tip Reiman,
Illinois,,,Miles Scott,
Illinois,,,Hank Beatty,
Illinois,,,Luke Ford,
Illinois,,,Eian Pugh,
Illinois,,,Shawn Miller,
Illinois,,,Jonah Morris,
Illinois,,,Michael Marchese,
Indiana,Connor Bazelak,Shaun Shivers,Cam Camper,
Indiana,Jack Tuttle,Josh Henderson,D.J. Matthews Jr.,
Indiana,,Jaylin Lucas,AJ Barner,
Indiana,,,Andison Coby,
Indiana,,,Emery Simmons,
Indiana,,,Malachi Holt-Bennett,
Indiana,,,Donaven McCulley,
Indiana,,,Javon Swinton,
Indiana,,,David Baker,
Indiana,,,James Bomba,
Indiana,,,Aaron Steinfeldt,
Iowa,Spencer Petras,Gavin Williams,Arland Bruce IV,
Iowa,Alex Padilla,Leshon Williams,Sam LaPorta,
Iowa,,Monte Pottebaum,Alec Wick,
Iowa,,Turner Pallissard,Luke Lachey,
Iowa,,,Keagan Johnson,
Iowa,,,Brody Brecht,
Iowa State,Hunter Dekkers,Jirehl Brock,Xavier Hutchinson,
Iowa State,Ashton Cook,Eli Sanders,Jaylin Noel,
Iowa State,Rocco Becht,Cartevious Norton,Dimitri Stanley,
Iowa State,,Deon Silas,Easton Dean,
Iowa State,,,Jared Rus,
Iowa State,,,DeShawn Hanika,
Iowa State,,,Darren Wilson Jr.,
Iowa State,,,Sean Shaw Jr.,
Iowa State,,,Aidan Bitter,
Kansas,Jalon Daniels,Devin Neal,Lawrence Arnold,
Kansas,Jason Bean,Daniel Hishaw Jr.,Quentin Skinner,
Kansas,,Ky Thomas,Luke Grimm,
Kansas,,Sevion Morrison,Douglas Emilien,
Kansas,,,Steven McBride,
Kansas,,,Kevin Terry,
Kansas,,,Mason Fairchild,
Kansas,,,Trevor Kardell,
Kansas,,,Jared Casey,
Kansas State,Adrian Martinez,Deuce Vaughn,Kade Warner,
Kansas State,Will Howard,DJ Giddens,Malik Knowles,
Kansas State,,,Phillip Brooks,
Kansas State,,,Sammy Wheeler,
Kansas State,,,Ben Sinnott,
Kansas State,,,RJ Garcia II,
Kansas State,,,Seth Porter,
Kansas State,,,Keenan Garber,
Kansas State,,,Xavier Loyd,
Kansas State,,,Jadon Jackson,
Kansas State,,,Will Swanson,
Kent State,Collin Schlee,Marquez Cooper,Dante Cephas,
Kent State,Devin Kargman,Bryan Bradford,Devontez Walker,
Kent State,Chandler Galban,Xavier Williams,Raymond James,
Kent State,,,Kris Leach,
Kent State,,,Marcus Harris,
Kent State,,,Ja'Shaun Poke,
Kent State,,,Naran Buntin,
Kent State,,,Keenan Orr,
Kent State,,,Trell Harris,
Kent State,,,Luke Floriea,
Kent State,,,Hayden Junker,
Kentucky,Will Levis,Kavosiey Smoke,Tayvion Robinson,
Kentucky,Deuce Hogan,La'Vell Wright,Dane Key,
Kentucky,,,Barion Brown,
Kentucky,,,DeMarcus Harris,
Kentucky,,,Jordan Dingle,
Kentucky,,,Brenden Bates,
Kentucky,,,Chauncey Magwood,
Kentucky,,,Chris Lewis,
Kentucky,,,Justice Dingle II,
Kentucky,,,Keaton Upshaw,
Kentucky,,,Josh Kattus,
Kentucky,,,Izayah Cummings,
Louisiana Tech,Matthew Downing,Greg Garner,Tre Harris,
Louisiana Tech,Parker McNeil,Marquis Crosby,Smoke Harris,
Louisiana Tech,Landry Lyddy,Charvis Thornton,Kyle Maxwell,
Louisiana Tech,,Keyon Henry-Brooks,Griffin Herbert,
Louisiana Tech,,Harlan Dixon,Julien Lewis,
Louisiana Tech,,,Cyrus Allen,
Louisiana Tech,,,Praise Okorie,
Louisiana Tech,,,Ivan Thomas,
Louisiana Tech,,,Bud Holloway,
Louisiana Tech,,,Tru Edwards,
Louisiana Tech,,,Tahj Magee,
Louisiana Tech,,,Nathan Jones,
Louisiana Tech,,,Solomon Lewis,
Louisiana Tech,,,Carson Rieder,
Louisiana Tech,,,Devonta Lee,
Louisville,Malik Cunningham,Tiyon Evans,Tyler Hudson,
Louisville,Brock Domann,Jawhar Jordan,Braden Smith,
Louisville,,Jalen Mitchell,Marshon Ford,
Louisville,,Trevion Cooley,Ahmari Huggins-Bruce,
Louisville,,,Dee Wiggins,
Louisville,,,Dez Melton,
Louisville,,,Jaelin Carter,
Louisville,,,Duane Martin,
Louisville,,,Elijah Downing,
Louisville,,,Isaac Martin,
Louisville,,,Francis Sherman,
Marshall,Henry Colombi,Khalan Laborn,Talik Keaton,
Marshall,Cam Fancher,Ethan Payne,Corey Gammage,
Marshall,,Maurice Jones,Devin Miller,
Marshall,,AJ Turner,Charles Montgomery,
Marshall,,Isaiah Gordon,Bryan Robinson,
Marshall,,,Caleb McMillan,
Marshall,,,Jayden Harrison,
Marshall,,,Stacey Marshall Jr.,
Marshall,,,Shadeed Ahmed,
Memphis,Seth Henigan,Brandon Thomas,Eddie Lewis,
Memphis,Ryan Glover,Jevyon Ducker,Javon Ivory,
Memphis,,Asa Martin,Gabriel Rogers,
Memphis,,,Caden Prieskorn,
Memphis,,,Koby Drake,
Memphis,,,Marcayll Jones,
Memphis,,,Roc Taylor,
Memphis,,,Anthony Landphere,
Miami FL,Tyler Van Dyke,Henry Parrish Jr.,Xavier Restrepo,
Miami FL,Jake Garcia,Jaylan Knighton,Frank Ladson Jr.,
Miami FL,Jacurri Brown,Thaddius Franklin Jr.,Michael Redding III,
Miami FL,,Devon Perry,Key'Shawn Smith,
Miami FL,,Lucious Stanley,Brashard Smith,
Miami FL,,,Romello Brinson,
Miami FL,,,Will Mallory,
Miami FL,,,Elijah Arroyo,
Miami FL,,,Colbie Young,
Miami FL,,,Kahlil Brantley,
Miami FL,,,Dominic Mammarelli,
Miami OH,Brett Gabbert,Keyon Mozee,Mac Hippenhammer,
Miami OH,Aveon Smith,Jaylon Bester,Jalen Walker,
Miami OH,Henry Hesson,Jordan Brunson,Nate Muersch,
Miami OH,,Jalen Walker,Miles Marshall,
Miami OH,,Kevin Davis,Jack Coldiron,
Miami OH,,Kenny Tracy,Reginald Virgil,
Miami OH,,,Devon Dorsey,
Miami OH,,,Kevin Davis,
Michigan,J.J. McCarthy,Blake Corum,Ronnie Bell,
Michigan,Cade McNamara,Donovan Edwards,Cornelius Johnson,
Michigan,Alan Bowman,CJ Stokes,Roman Wilson,
Michigan,,Tavierre Dunlap,Luke Schoonmaker,
Michigan,,,Erick All,
Michigan,,,Andrel Anthony,
Michigan,,,AJ Henning,
Michigan,,,Peyton O'Leary,
Michigan,,,Joel Honigford,
Michigan,,,Carter Selzer,
Michigan State,Payton Thorne,Jalen Berger,Keon Coleman,
Michigan State,Noah Kim,Jarek Broussard,Jayden Reed,
Michigan State,Katin Houser,Harold Joiner III,Germie Bernard,
Michigan State,Hamp Fay,Elijah Collins,Tre Mosley,
Michigan State,,Jordon Simmons,Daniel Barker,
Michigan State,,,Maliq Carr,
Michigan State,,,Jason Glover,
Michigan State,,,Christian Fitzpatrick,
Michigan State,,,Cade McDonald,
Michigan State,,,Tyrell Henry,
Michigan State,,,Tyler Hunt,
Michigan State,,,Powers Warren,
Minnesota,Tanner Morgan,Mohamed Ibrahim,Chris Autman-Bell,
Minnesota,Cole Kramer,Trey Potts,Michael Brown-Stephens,
Minnesota,Athan Kaliakmanis,Bryce Williams,Brevyn Spann-Ford,
Minnesota,Jacob Knuth,Zach Evans,Clay Geary,
Minnesota,,Presten Jelen,Dylan Wright,
Minnesota,,,Le'Meke Brockington,
Minnesota,,,Daniel Jackson,
Minnesota,,,Nick Kallerup,
Minnesota,,,Jonathan Mann,
Minnesota,,,Ike White,
Minnesota,,,Brock Annexstad,
Minnesota,,,Jameson Geers,
Minnesota,,,Nathan Jones,
Minnesota,,,Samuel Pickerign,
Mississippi State,Will Rogers,Jo'quavious Marks,Rufus Harvey,
Mississippi State,Sawyer Robertson,Dillon Johnson,Caleb Ducking,
Mississippi State,,Simeon Price,Rara Thomas,
Mississippi State,,,Austin Williams,
Mississippi State,,,Jaden Walley,
Mississippi State,,,Lideatrick Griffin,
Mississippi State,,,Antonio Harmon,
Mississippi State,,,Jamire Calvin,
Mississippi State,,,Jordan Mosley,
Mississippi State,,,Justin Robinson,
Missouri,Brady Cook,Elijah Young,Dominic Lovett,
Missouri,Jack Abraham,Cody Schrader,Luther Burden III,
Missouri,,,Tauskie Dove,
Missouri,,,Tyler Stephens,
Missouri,,,Barrett Banister,
Missouri,,,Chance Luper,
Missouri,,,Mookie Cooper,
Missouri,,,Kibet Chepyator,
Navy,Tai Lavatai,Daba Fofana,Mark Walker,
Navy,Xavier Arline,Logan Point,Jayden Umbarger,
Navy,Maasai Maynor,Anton Hall Jr.,Kroy Myers,
Navy,,Maquel Haywood,Camari Williams,
Navy,,Daniel Jones,Regis Velez,
Navy,,Kai Pualoa-Rojas,Zachary Kuhlman,
Navy,,Vincent Terrell Jr.,,
Navy,,Campbell Speights,,
Navy,,Amin Hassan,,
NC State,Devin Leary,Jordan Houston,Devin Carter,
NC State,Jack Chambers,Demie Sumo-Karngbaye,Thayer Thomas,
NC State,MJ Morris,Demarcus Jones,Keyon Lesane,
NC State,,Delbert Mimms III,Chris Toudle,
NC State,,,Ced Seabrough,
NC State,,,Julian Gray,
NC State,,,Darryl Jones,
NC State,,,Porter Rooks,
NC State,,,Kameron Walker,
NC State,,,Fred Seabrough,
NC State,,,Trent Pennix,
NC State,,,Jalen Cott,
NC State,,,Anthony Smith,
NC State,,,Jasiah Provillon,
Nebraska,Casey Thompson,Anthony Grant,Trey Palmer,
Nebraska,Logan Smothers,Ajay Allen,Marcus Washington,
Nebraska,Chubba Purdy,Rahmir Johnson,Alante Brown,
Nebraska,,Jaquez Yant,Travis Vokolek,
Nebraska,,Gabe Ervin Jr.,Omar Manning,
Nebraska,,,Zavier Betts,
Nebraska,,,Isaiah Garcia-Castaneda,
Nebraska,,,Oliver Martin,
Nebraska,,,Thomas Ridone,
Nevada,Nate Cox,Toa Taua,Jamaal Bell,
Nevada,Shane Illingworth,Devonte Lee,Tyrese Mack,
Nevada,,Cross Patton,Brian Casteel,
Nevada,,,Cooper Shults,
Nevada,,,Elijah Barclay,
Nevada,,,Victor Snow,
Nevada,,,Dalevon Campbell,
Nevada,,,Jacob Munro,
Nevada,,,Dazure Paggett,
Nevada,,,Marcel Walker,
Nevada,,,Spencer Curtis,
Nevada,,,Carlton Brown,
New Mexico,Miles Kendrick,Sherod White,Geordan Porter,
New Mexico,CJ Montes,Christian Washington,Luke Wysong,
New Mexico,Justin Holaday,Jaden Hullaby,Austin Erickson,
New Mexico,,Chad Alexander,Will Dennis,
New Mexico,,,Trae Hall,
New Mexico,,,Jah'Mar Sanders,
New Mexico,,,Jace Taylor,
New Mexico,,,Trace Buckler,
New Mexico,,,Tristan White,
New Mexico,,,Bobby Wooden,
New Mexico,,,Andrew Erickson,
New Mexico,,,Connor Witthoft,
New Mexico,,,Kade Zimmerman,
New Mexico,,,Elijah Queen,
New Mexico State,Diego Pavia,Jamoni Jones,Kordell David,
New Mexico State,Gavin Frakes,Star Thomas,Jordin Parker,
New Mexico State,Weston Eget,Ahmonte Watkins,Justice Powers,
New Mexico State,Dino Maldonado,O'Maury Samuels,Thomaz Whitford,
New Mexico State,,Alex Escobar,Chris Bellamy,
New Mexico State,,,Jonathan Brady,
New Mexico State,,,Dominic Gicinto,
New Mexico State,,,Trevor Stephens,
New Mexico State,,,Cole Harrity,
New Mexico State,,,Ta'ir Brooks,
North Carolina,Drake Maye,DJ Jones,Josh Downs,
North Carolina,Jacolby Criswell,Gregory Pettaway,Gavin Blackwell,
North Carolina,Conner Harrell,Omarion Hampton,JJ Jones,
North Carolina,,,Bryson Nesbit,
North Carolina,,,Andre Green,
North Carolina,,,Justin Olson,
North Carolina,,,Kobe Paysour,
North Carolina,,,Kamari Morales,
North Carolina,,,Antoine Green,
North Carolina,,,Tychaun Chapman,
North Carolina,,,John Copenhaver,
North Texas,Austin Aune,Ikaika Ragdale,Jyaire Shorter,
North Texas,Grant Gunnell,Oscar Adaway III,Roderic Burns,
North Texas,Jace Ruder,Ayo Adeyi,Damon Ward,
North Texas,JD Head,Isaiah Johnson,Jake Roberts,
North Texas,,,Tommy Bush,
North Texas,,,Jay Maclin,
North Texas,,,Bryson Jackson,
North Texas,,,Asher Alberding,
North Texas,,,Zhighlil McMillan,
North Texas,,,Detraveon Brown,
North Texas,,,Khatic Lyles,
North Texas,,,Latrell Neville,
Northern Illinois,Rocky Lombardi,Antario Brown,Cole Tucker,
Northern Illinois,Ethan Hampton,Harrison Waylee,Shemar Thornton,
Northern Illinois,Justin Lynch,Mason Blakemore,Liam Soraghan,
Northern Illinois,,Jaiden Credle,Fabian McCray,
Northern Illinois,,Brock Lampe,Tristen Tewes,
Northern Illinois,,,George Gumbs,
Northern Illinois,,,Kacper Rutkiewicz,
Northern Illinois,,,Messiah Travis,
Northern Illinois,,,Trayvon Rudolph,
Northern Illinois,,,Mohamed Toure,
Northern Illinois,,,Billy Dozier,
Northern Illinois,,,Miles Joiner,
Northwestern,Ryan Hilinski,Evan Hull,Genson Hooper Price,
Northwestern,Brendan Sullivan,Andrew Clair,Bryce Kirtz,
Northwestern,,Anthony Tyus,Malik Washington,
Northwestern,,Cam Porter,Charlie Mangieri,
Northwestern,,,Raymond Niro,
Northwestern,,,Jacob Gill,
Northwestern,,,Reggie Fleurima,
Notre Dame,Drew Pyne,Audric Estime,Michael Mayer,
Notre Dame,Steve Angeli,Chris Tyree,Braden Lenzy,
Notre Dame,Ron Powlus III,Logan Diggs,Lorenzo Styles,
Notre Dame,Tyler Buchner,Gi'Bran Payne,Jayden Thomas,
Notre Dame,,Jadarian Price,Kevin Bauman,
Notre Dame,,,Matt Salerno,
Notre Dame,,,Joe Wilkins Jr.,
Notre Dame,,,Deion Colzie,
Notre Dame,,,Davis Sherwood,
Ohio,Kurtis Rourke,Sieh Bangura,Tyler Walton,
Ohio,Parker Navarro,Julian Ross,James Bostic,
Ohio,CJ Harris,Nolan McCormick,Miles Cross,
Ohio,,Tyler Toledo,Sam Wiglusz,
Ohio,,,Will Kacmarek,
Ohio,,,Nigel Drummond II,
Ohio,,,Jacoby Jones,
Ohio,,,Aramoni Rhone,
Ohio,,,Caleb Gossett,
Ohio,,,Philip Cole,
Ohio,,,Tyler Foster,
Ohio,,,Alec Burton,
Ohio,,,Bryce Butler,
Ohio State,C.J. Stroud,TreVeyon Henderson,Jaxon Smith-Njigba,
Ohio State,Kyle McCord,Miyan Williams,Marvin Harrison Jr.,
Ohio State,Devin Brown,Dallan Hayden,Julian Fleming,
Ohio State,,,Cade Stover,
Ohio State,,,Emeka Egbuka,
Ohio State,,,Jayden Ballard,
Ohio State,,,Xavier Johnson,
Ohio State,,,Mitch Rossi,
Okalahoma,Dillon Gabriel,Eric Gray,Marvin Mims,
Okalahoma,Davis Beville,Marcus Major,Theo Wease,
Okalahoma,Nick Evers,Jovantae Barnes,Brayden Willis,
Okalahoma,General Booty,,Jalil Farooq,
Okalahoma,,,Drake Stoops,
Okalahoma,,,Jayden Gibson,
Okalahoma,,,Brian Darby,
Okalahoma,,,LV Bunkley-Shelton,
Okalahoma,,,Trevon West,
Okalahoma,,,JJ Hester,
Okalahoma,,,Daniel Parker,
Okalahoma,,,Jason Llewellyn,
Oklahoma State,Spencer Sanders,Dominic Richardson,Braydon Johnson,
Oklahoma State,Gunnar Gundy,Jaden Nixon,Brennan Presley,
Oklahoma State,Garret Rangel,Ollie Gordon,John Paul Richardson,
Oklahoma State,,Deondre Jackson,Bryson Green,
Oklahoma State,,,Jaden Bray,
Oklahoma State,,,Jake Schultz,
Oklahoma State,,,Cale Cabbiness,
Oklahoma State,,,Rashod Owens,
Oklahoma State,,,Langston Anderson,
Oklahoma State,,,Talyn Shettron,
Old Dominion,Hayden Wolff,Blake Watson,Ali Jennings III,
Old Dominion,Brendon Clark,Elijah Davis,Javon Harvey,
Old Dominion,DJ Mack,Jon-Luke Peaker,Isiah Paige,
Old Dominion,,,Zack Kuntz,
Old Dominion,,,Marquez Bell,
Old Dominion,,,Aaron Moore,
Old Dominion,,,Jordan Bly,
Old Dominion,,,Donta Anthony Jr.,
Old Dominion,,,Noah Robinson,
Old Dominion,,,Peter Kikwata,
Old Dominion,,,Ahmarian Granger,
Old Dominion,,,Avery Ford,
Oregon State,Chance Nolan,Deshaun Fenwick,Luke Musgrave,
Oregon State,Tristan Gebbia,Trey Lowe,Tre'Shaun Harrison,
Oregon State,Ben Gulbranson,Damien Martinez,Anthony Gould,
Oregon State,,Jam Griffin,Tyjon Lindsey,
Oregon State,,Isaiah Newell,Silas Bolden,
Oregon State,,,Jake Overman,
Oregon State,,,John Dunmore,
Oregon State,,,Jesiah Irish,
Oregon State,,,Jimmy Valsin III,
Oregon State,,,Makiya Tongue,
Oregon State,,,Gabe Milbourn,
Oregon State,,,J.T. Byrne,
Oregon State,,,Jack Veiling,
Penn State,Sean Clifford,Nicholas Singleton,Mitchell Tinsley,
Penn State,Drew Allar,Kaytron Allen,Parker Washington,
Penn State,Christian Veilleux,Keyvone Lee,KeAndre Lambert-Smith,
Penn State,Beau Pribula,Devyn Ford,Brenton Strange,
Penn State,,,Tyler Warren,
Penn State,,,Malick Meiga,
Penn State,,,Tre Wallace,
Penn State,,,Kaden Saunders,
Penn State,,,Theo Johnson,
Penn State,,,Liam Clifford,
Penn State,,,Omari Evans,
Penn State,,,Jaden Dottin,
Pittsburgh,Kedon Slovis,Israel Abanikanda,Konata Mumpfield,
Pittsburgh,Nick Patti,Rodney Hammond Jr.,Jared Wayne,
Pittsburgh,Nate Yarnell,Vincent Davis,Bub Means,
Pittsburgh,,C'Bo Flemister,Gavin Bartholomew,
Pittsburgh,,,Myles Alston,
Pittsburgh,,,Jaden Bradley,
Pittsburgh,,,Jaylon Barden,
Purdue,Aidan O'Connell,King Doerue,Charlie Jones,
Purdue,Austin Burton,Devin Mockobee,Mershawn Rice,
Purdue,Michael Alaimo,Kobe Lewis,Payne Durham,
Purdue,Brady Allen,Dylan Downing,TJ Sheffield,
Purdue,,,Broc Thompson,
Purdue,,,Tyrone Tracy,
Purdue,,,Abdur-Rahmaan Yaseen,
Purdue,,,Collin Sullivan,
Purdue,,,Deion Burks,
Purdue,,,Elijah Canion,
Purdue,,,Paul Piferi,
Purdue,,,Curtis Deville,
Purdue,,,Preston Terrell,
Purdue,,,Zion Steptoe,
Rutgers,Noah Vedral,Aaron Young,Joshua Youngblood,
Rutgers,Evan Simon,Kyle Monangai,Shameen Jones,
Rutgers,Gavin Wimsatt,,Aron Cruickhank,
Rutgers,,,Sean Ryan,
Rutgers,,,Taj Harris,
Rutgers,,,Johnny Logan,
Rutgers,,,Matt Mains,
Rutgers,,,Viktor K,
Rutgers,,,Christian Dremel,
San Jose State,Chevan Cordeiro,Kairee Robinson,Elijah Cooks,
San Jose State,Nick Nash,Shamar Garrett,Justin Lockhart,
San Jose State,,,Sam Olson,
San Jose State,,,Isaiah Hamilton,
San Jose State,,,Malikhi Miller,
San Jose State,,,Charles Ross,
San Jose State,,,Jermaine Braddock,
San Jose State,,,Dominick Mazotti,
SMU,Tanner Mordecai,Tre Siggers,Rashee Rice,
SMU,Preston Stone,Tyler Lavine,Jordan Kerley,
SMU,,T.J. McDaniel,Jake Bailey,
SMU,,Velton Gardner,Ben Redding,
SMU,,,Austin Upshaw,
SMU,,,Kelvontay Dixon,
SMU,,,Roderick Daniels,
SMU,,,Dylan Goffney,
SMU,,,Teddy Knox,
SMU,,,R.J. Maryland,
SMU,,,Gage Haskin,
South Carolina,Spencer Rattler,MarShawn Lloyd,Antwane Wells Jr.,
South Carolina,Luke Doty,Juju McDowell,Austin Stogner,
South Carolina,,Christian Beal-Smith,Ahmarean Brown,
South Carolina,,Dante Miller,Josh Vann,
South Carolina,,,Jalen Brooks,
South Carolina,,,Jaheim Bell,
South Carolina,,,Xavier Legette,
South Carolina,,,Dakereon Joyner,
South Carolina,,,Corey Rucker,
South Carolina,,,Nate Adkins,
South Carolina,,,Traevon Kenion,
Southern Mississippi,Ty Keyes,Frank Gore Jr.,Jason Brownlee,
Southern Mississippi,Zach Wilcke,Antavious Willis,Jakarius Caston,
Southern Mississippi,Trey Lowe III,Dajon Richard,Brandon Hayes,
Southern Mississippi,,Janari Dean,Cole Cavallo,
Southern Mississippi,,Chandler Pittman,Jalen May,
Southern Mississippi,,,Latreal Jones,
Southern Mississippi,,,Brad Dennis,
Southern Mississippi,,,Ray Ladner,
Southern Mississippi,,,Zay Franks,
Southern Mississippi,,,Richard Mays,
Southern Mississippi,,,Luke Baker,
Stanford,Tanner McKee,E.J. Smith,Michael Wilson,
Stanford,Ari Patu,Casey Filkins,Brycen Tremayne,
Stanford,Ashton Daniels,Caleb Robinson,Benjamin Yurosek,
Stanford,,Brendon Barrow,Elijah Higgins,
Stanford,,Arlen Harris,John Humphreys,
Stanford,,,Mudia Reuben,
Stanford,,,Silas Starr,
Stanford,,,Bradley Archer,
Stanford,,,Sam Roush,
Syracuse,Garrett Shrader,Sean Tucker,Devaughn Cooper,
Syracuse,Carlos Del Rio-Wilson,LeQuint Allen,Oronde Gadsden II,
Syracuse,,Chris Elmore,Isaiah Jones,
Syracuse,,,Courtney Jackson,
Syracuse,,,Damien Alford,
Syracuse,,,Trebor Pena,
Syracuse,,,Maximilian Mang,
TCU,Chandler Morris,Kendre Miller,Quentin Johnston,
TCU,Max Duggan,Emari Demercado,Taye Barber,
TCU,Sam Jackson,Trent Battle,Savion Williams,
TCU,,Emani Bailey,Geor'Quarius Spivey,
TCU,,,Jared Wiley,
TCU,,,Blair Conwright,
TCU,,,Blake Nowell,
TCU,,,D'Andre Rogers,
TCU,,,Derius Davis,
TCU,,,Dominic DiNunzio,
TCU,,,Quincy Brown,
TCU,,,Jordan Hudson,
TCU,,,Chase Curtis,
TCU,,,Gunnar Henderson,
TCU,,,Carter Ware,
Temple,D'Wan Mathis,Edward Saydee,Adonicas Sanders,
Temple,Quincy Patterson,Darvon Hubbard,Jose Barbon,
Temple,,Jakari Norwood,Amad Anderson Jr.,
Temple,,Trey Blair,James Deila Pesca,
Temple,,,Jordan Smith,
Temple,,,Malik Cooper,
Temple,,,Kwesi Evans,
Temple,,,Ian Stewart,
Tennessee,Hendon Hooker,Jabari Small,Cedric Tillman,
Tennessee,Joe Milton III,Jaylen Wright,Bru McCoy,
Tennessee,,Dylan Sampson,Jalin Hyatt,
Tennessee,,Justin Williams-Thomas,Princeton Fant,
Tennessee,,,Jacob Warren,
Tennessee,,,Walker Merrill,
Tennessee,,,Jimmy Calloway,
Tennessee,,,Ramel Keyton,
Tennessee,,,Jimmy Holiday,
Tennessee,,,Squirrel White,
Texas,Hudson Card,Bijan Robinson,Xavier Worthy,
Texas,Charles Wright,Roschon Johnson,Jordan Whittington,
Texas,Maalik Murphy,Keilan Robinson,Ja'Tavion Sanders,
Texas,Quinn Ewers,Jonathon Brooks,Casey Cain,
Texas,,Jaydon Blue,Savion Red,
Texas,,,Tarique Milton,
Texas,,,Brenen Thompson,
Texas,,,Gunnar Helm,
Texas,,,Gabe Sulser,
Texas,,,Troy Omeire,
Texas A&M,Max Johnson,Devon Achane,Ainias Smith,
Texas A&M,Haynes King,Amari Daniels,Evan Stewart,
Texas A&M,Conner Weigman,LJ Johnson,Chase Lane,
Texas A&M,,,Max Wright,
Texas A&M,,,Yulkeith Brown,
Texas A&M,,,Devin Price,
Texas A&M,,,Noah Thomas,
Texas A&M,,,Moose Muhammad III,
Texas A&M,,,Blake Smith,
Texas Tech,Donovan Smith,SaRodorick Thompson,Jerand Bradley,
Texas Tech,Behren Morton,Tahj Brooks,Loic Fouonji,
Texas Tech,Tyler Shough,Bryson Donnell,Myles Price,
Texas Tech,,,Xavier White,
Texas Tech,,,Henry Teeter,
Texas Tech,,,JJ Sparkman,
Texas Tech,,,Coy Eakin,
Texas Tech,,,Brady Boyd,
Texas Tech,,,Nehemiah Martinez,
Texas Tech,,,Mason Tharp,
Texas Tech,,,Trey Cleveland,
Texas Tech,,,Chadarius Townsend,
Texas Tech,,,Baylor Cupp,
Tulsa,Davis Brin,Steven Anderson,JuanCarlos Santana,
Tulsa,Braylon Braxton,Deneric Prince,Keylon Stokes,
Tulsa,Roman Fuller,Jordan Ford,Isaiah Epps,
Tulsa,,Tahj Gary,Ethan Hall,
Tulsa,,Bill Jackson,Malachai Jones,
Tulsa,,,Nick Rempert,
Tulsa,,,Keith Wheeler,
Tulsa,,,Bayne Tryon,
Tulsa,,,Carl Chester,
Tulsa,,,Kamdyn Benjamin,
Tulsa,,,Marquis Shoulders,
Tulsa,,,Colby Powers,
UCF,John Rhys Plumlee,Isaiah Bowser,Javon Baker,
UCF,Mikey Keene,Johnny Richardson,Ryan O'Keefe,
UCF,Thomas Castellanos,Mark-Antony Richards,Alec Holler,
UCF,,RJ Harvey,Kobe Hudson,
UCF,,,Xavier Townsend,
UCF,,,Stephen Martin,
UCF,,,Jaylon Griffin,
UCF,,,Kemore Gamble,
UCF,,,Zach Marsh-Wojan,
UCF,,,Jordan Davis,
Uconn,Zion Turner,Nathan Carter,Aaron Turner,
Uconn,Cale Millen,Devontae Houston,Kevens Clercius,
Uconn,Tyler Phommachanh,Brian Brewton,Jacob Flynn,
Uconn,,Will Knight,Brandon Niemenski,
Uconn,,,Ethon Williams,
Uconn,,,Nigel Fitzgerald,
Uconn,,,Dajon Harrison,
Uconn,,,Russel Dixon,
Uconn,,,Keelan Marion,
Uconn,,,Elijah Jeffreys,
Uconn,,,Darius Bush,
Uconn,,,Christopher Johnson,
UNLV,Harrison Bailey,Aidan Robbins,Kyle Williams,
UNLV,Cameron Friel,Chad Magyar,Senika McKie,
UNLV,,Courtney Reese,Ricky White,
UNLV,,Jayvaun Wilson,Kaleo Ballungay,
UNLV,,,Kilinahe Mendiola-Jensen,
UNLV,,,Jordan Jakes,
UNLV,,,Zyell Griffin,
UNLV,,,Shaun Grayson,
UNLV,,,Marcus Phillips,
Utah,Cameron Rising,Tavion Thomas,Brant Kuithe,Dalton Kincaid
Utah,Bryson Barnes,Logan Kendall,Devaughn Vele,
Utah,,Micah Bernard,Dalton Kincaid,
Utah,,Chris Curry,Solomon Enis,
Utah,,Jaylon Glover,Jaylen Dixon,
Utah,,,Makai Cope,
Utah,,,Zereoue Williams,
Utah,,,Logan Kendall,
Utah,,,Thomas Yassmin,
Utah,,,Tao Johnson,
Utah,,,Money Parks,
Utah State,Logan Bonner,Calvin Tyler,Justin McGriff,
Utah State,Levi Williams,Pailate Makakona,Brian Cobbs,
Utah State,Cooper Legas,John Gentry,Kyle Van Leeuwen,
Utah State,Garrett Larson,Robert Briggs,Josh Sterzer,
Utah State,Bishop Davenport,Jordan Wilmore,Xavier Williams,
Utah State,,,NyNy Davis,
Utah State,,,Terrell Vaugh,
Utah State,,,Quinton Hadnot,
Utah State,,,Otto Tia,
Utah State,,,Jaylen Royals,
Utah State,,,Ron Tiavaasue,
Utah State,,,Broc Lane,
UTEP,Gavin Hardison,Deion Hankins,Tyrin Smith,
UTEP,Calvin Brownholtz,Ronald Awatt,Reynaldo Flores,
UTEP,,Willie Eldridge,Kelly Akharaiyi,
UTEP,,,Trent Thompson,
UTEP,,,Jeremiah Ballard,
UTEP,,,Josh Farr,
UTEP,,,Walter Dawn,
UTEP,,,Zach Fryar,
UTEP,,,Jostein Clarke,
Vanderbilt,Mike Wright,Re'Mahn Davis,Will Sheppard,
Vanderbilt,AJ Swann,Patrick Smith,Jayden McGowan,
Vanderbilt,Ken Seals,Rocko Griffin,Gavin Schoenwald,
Vanderbilt,,Maurice Edwards,Quincy Skinner,
Vanderbilt,,,Ben Bresnahan,
Vanderbilt,,,Devin Boddie,
Vanderbilt,,,Logan Kyle,
Vanderbilt,,,Wilson Long,
Vanderbilt,,,Cole Spence,
Vanderbilt,,,Daveon Walker,
Vanderbilt,,,Ezra McAllister,
Vanderbilt,,,Justin Ball,
Virginia,Brennan Armstrong,Perris Jones,Dontayvion Wicks,
Virginia,Jay Woolfolk,Mike Hollins,Keytaon Thompson,
Virginia,,,Lavel Davis Jr.,
Virginia,,,Billy Kemp IV,
Virginia,,,Grant Misch,
Virginia,,,Luke Wentz,
Virginia,,,Sean Moore,
Virginia,,,Sackett Wood,
Virginia Tech,Grant Wells,Keshawn King,Nick Gallo,
Virginia Tech,Jason Brown,Jalen Holston,Da'Wain Lofton,
Virginia Tech,Devin Farrell,Chance Black,Kaleb Smith,
Virginia Tech,,,Stephen Gosnell,
Virginia Tech,,,Jadan Blue,
Virginia Tech,,,Drake De Luliis,
Virginia Tech,,,Jaylen Jones,
Virginia Tech,,,William Kakvitsas,
Virginia Tech,,,Christian Moss,
Wake Forest,Sam Hartman,Justice Ellison,A.T. Perry,
Wake Forest,Mitch Griffis,Christian Turner,Taylor Morin,
Wake Forest,Michael Kern,Quinton Cooley,Donavon Greene,
Wake Forest,Brett Griffis,Demond Claiborne,Blake Whiteheart,
Wake Forest,,Will Towns,Ke'Shawn Williams,
Wake Forest,,,Jackson Hensley,
Wake Forest,,,Cameron Hite ,
Wake Forest,,,Jahmal Banks,
Wake Forest,,,Nick Ragano,
Wake Forest,,,Wesley Grimes,
Wake Forest,,,Dez Williams,
Wake Forest,,,Trey Boll,
Wake Forest,,,Jaeger Bull,
Washington,Michael Penix Jr.,Wayne Taulapapa,Rome Odunze,
Washington,Dylan Morris,Will Nixon,Jalen McMillan,
Washington,Sam Huard,,Ja'Lynn Polk,
Washington,,,Devin Culp,
Washington,,,Giles Jackson,
Washington,,,Taj Davis,
Washington,,,Lonyatta Alexander Jr.,
Washington,,,Jack Westover,
Washington State,Cameron Ward,Nakia Watson,Donovan Ollie,
Washington State,John Mateer,Jaylen Jenkins,De'zhaun Stribling,
Washington State,Xavier Ward,Djouvensky Schlenbaker,Lincoln Victor,
Washington State,,Kannon Katzer,Renard Bell,
Washington State,,,Billy Riviere III,
Washington State,,,Tsion Nunnally,
Washington State,,,Anderson Grover,
Washington State,,,Orion Peters,
Washington State,,,Drake Owen,
Washington State,,,Leyton Smithson,
Washington State,,,Cameron Johnson,
Washington State,,,Moon Ashby,
West Virginia,JT Daniels,Tony Mathis Jr.,Bryce Ford-Wheaton,
West Virginia,Will Crowder,Justin Johnson Jr.,Sam James,
West Virginia,Nicco Marchiol,,Kaden Prather,
West Virginia,Garrett Greene,,Reese Smith,
West Virginia,,,Brian Polendey,
West Virginia,,,Mike O'Laughlin,
West Virginia,,,Jeremiah Aaron,
West Virginia,,,Graeson Malashevich,
West Virginia,,,Preston Fox,
West Virginia,,,Cortez Braham,
Western Kentucky,Austin Reed,Jakairi Moses,Daewood Davis,
Western Kentucky,Caden Veltkamp,Kye Robichaux,Malachi Corley,
Western Kentucky,Chance McDonald,Davion Ervin-Poindexter,Jaylen Hall,
Western Kentucky,,,Joshua Simon,
Western Kentucky,,,Michael Mathison,
Western Kentucky,,,Dalvin Smith,
Western Kentucky,,,Dakota Thomas,
Western Kentucky,,,Joey Beljan,
Western Kentucky,,,Craig Burt,
Western Kentucky,,,Josh Sterns,
Western Michigan,Jack Salopek,Sean Tyler,Kaevion Mack,
Western Michigan,Mareyohn Hrabowski,La'Darius Jefferson,Jehlani Galloway,
Western Michigan,Treyson Bourguet,Zahir Abdus-Salaam,Corey Crooms,
Western Michigan,Stone Hollenbach,,Blake Bosma,
Western Michigan,,,AJ Abbott,
Western Michigan,,,Austin Hence,
Western Michigan,,,Anthony Sambucci,
Western Michigan,,,Tyren Mason,
Western Michigan,,,Mitch Bartol,
Wisconsin,Graham Mertz,Braelon Allen,Chimere Dike,
Wisconsin,Myles Burkett,Chez Mellusi,Skyler Bell,
Wisconsin,Deacon Hill,Jackson Acker,Clay Cundiff,
Wisconsin,,Riley Nowkowski,Markus Allen,
Wisconsin,,,Keontez Lewis,
Wisconsin,,,Hayden Rucci,
Wyoming,Andrew Peasley,Titus Swen,Joshua Cobbs,
Wyoming,Jayden Clemons,Dawaiian McNeely,Parker Christensen,
Wyoming,Hank Gibbs,Joey Braash,Gunner Gentry,
Wyoming,Gavin Beerup,DQ James,Wyatt Wieland,
Wyoming,Evan Svoboda,,Will Pelissier,
Wyoming,,,Treyton Welch,
Wyoming,,,Ryan Marquez,
Wyoming,,,Caleb Cooley,
Wyoming,,,Colin O'Brien,
Wyoming,,,Caleb Driskill,
Wyoming,,,Alex Brown,
Wyoming,,,Jackson Marcotte,
Georgia,Stetson Bennett,Kendall Milton,Ladd McConkey,
Georgia,Carson Beck,Kenny McIntosh,Brock Bowers,
Georgia,Brock Vandagriff,Daijun Edwards,Darnell Washington,
Georgia,,Branson Robinson,Kearis Jackson,
Georgia,,,Marcus Rosemy-Jacksaint,
Georgia,,,Kendall Milton,
Georgia,,,Dominick Blaylock,
Georgia,,,Adonai Mitchell,
Georgia,,,Dillon Bell,
Georgia,,,Arik Gilbert,
Georgia,,,Mekhi Mews,
Georgia,,,De'Nylon Morrissette,
Georgia,,,Oscar Delp,
Cincinnati,Ben Bryant,Charles McClelland,Tyler Scott,
Cincinnati,Evan Prater,Corey Kiner,Tre Tucker,
Cincinnati,Brady Lichtenberg,Myles Montgomery,Josh Whyle,
Cincinnati,,Ryan Montgomery,Jadon Thompson,
Cincinnati,,,Leonard Taylor,
Cincinnati,,,Chris Scott,
Cincinnati,,,Will Pauling,
Cincinnati,,,Nick Mardner,
Cincinnati,,,Blue Smith,
Cincinnati,,,Drew Donley,
Cincinnati,,,Chamon Metayer,
Cincinnati,,,Payten Singletary,
South Alabama,Carter Bradley,La'Damian Webb,Jalen Wayne,
South Alabama,Desmond Trotter,Terrion Avery,Caullin Lacy,
South Alabama,,,Devin Voisin,
South Alabama,,,Brandon Crum,
South Alabama,,,Christian Wortham,
South Alabama,,,Jay'juan Townsend,
South Alabama,,,Oakley Coleman,
South Alabama,,,Jacob Hopper,
UCLA,Dorian Thompson-Robinson,Zach Charbonnet,Kazmeir Allen,
UCLA,Ethan Garbers,Keegan Jones,Michael Ezeike,
UCLA,,,Jake Bobo,
UCLA,,,Kam Brown,
UCLA,,,Titus Mokiao-Atimalala,
UCLA,,,Logan Loya,
UCLA,,,Matt Sykes,
UCLA,,,Hudson Habermehl,
California,Jack Plummer,Damien Moore,J.Michael Sturdivant,
California,Kai Millner,Jaydn Ott,Jeremiah Hunter,
California,,DeCarlos Brooks,Mavin Anderson,
California,,,Jermaine Terry II,
California,,,Mason Mangum,
California,,,Tommy Christakos,
California,,,Monroe Young,
California,,,Keleki Latu,
Ole Miss,Jaxson Dart,Zach Evans,Jonathan Mingo,
Ole Miss,Luke Altmyer,Quinshon Judkins,Michael Trigg,
Ole Miss,,Ulysses Bentley IV,Malik Heath,
Ole Miss,,,Jaylon Robinson,
Ole Miss,,,Dayton Wade,
Ole Miss,,,Jordan Watkins,
Ole Miss,,,Jalen Knox,
Ole Miss,,,JJ Henry,
Ole Miss,,,Qua Davis,
Ole Miss,,,Casey Kelly,
Georgia Tech,Jeff Sims,Dontae Smith,Nate McCollum,
Georgia Tech,Zach Gibson,Dylan McDuffie,E.J. Jenkins,
Georgia Tech,Taisun Phommachanh,Hassan Hall,Malachi Carter,
Georgia Tech,,,Luke Benson,
Georgia Tech,,,Peje Harris,
Georgia Tech,,,Avery Boyd,
Georgia Tech,,,Kalani Norris,
Georgia Tech,,,Malik Rutherford,
Georgia Tech,,,Billy Ward,
Georgia Tech,,,Ryan King,
Georgia Tech,,,James BlackStrain,
Georgia Tech,,,Dylan Leonard,
Oregon,Bo Nix,Jordan James,Seven McGee,
Oregon,Jay Butterfield,Mar'Keise Irving,Chase Cota,
Oregon,Ty Thompson,Sean Dollars,Terrance Ferguson,
Oregon,,Noah Whittington,Dont'e Thornton,
Oregon,,Kilohana Haasenritter,Troy Franklin,
Oregon,,Byron Cardwell,Kris Hutson,
Oregon,,,Moiliki Matavano,
Oregon,,,Patrick Herbert,
Oregon,,,Cam McCormick,
Oregon,,,Josh Delgado,
Oregon,,,Caleb Chapman,
Oregon,,,Kyler Kasper,
Oregon,,,Isaah Crocker,
Oregon,,,Justius Lowe,
Toledo,Dequan Finn,Micah Kelly,DeMeer Blankumsee,
Toledo,Tucker Gleason,Jacquez Stuart,Jerjuan Newton,
Toledo,,,Devin Maddox,
Toledo,,,Jamal Turner,
Toledo,,,Ezechiel Tiede,
Toledo,,,Mikel Barkley,
Toledo,,,Thomas Zsiros,
Toledo,,,Anthony Torres,
Maryland,Taulia Tagovailoa,Roman Hemby,Rakim Jarrett,
Maryland,Billy Edwards Jr.,Colby McDonald,Jeshaun Jones,
Maryland,Eric Najarian,Antwaine Littleton II,Dontay Demus Jr.,
Maryland,,,Jacob Copeland,
Maryland,,,CJ Dippers,
Maryland,,,Tai Felton,
Maryland,,,Octavian Smith Jr.,
Maryland,,,Corey Dyches,
South Florida,Gerry Bohanon,Jaren Mangham,Xavier Weaver,
South Florida,Katravis Marsh,Brian Battie,Jimmy Horn Jr.,
South Florida,,Michel Dukes,Khafre Brown,
South Florida,,,Chris Carter,
South Florida,,,Ajou Ajou,
South Florida,,,Holden Willis,
South Florida,,,Omarion Dollison,
South Florida,,,Gunner Greenwald,
South Florida,,,Sincere Brown,
Texas State,Layne Hatcher,Calvin Hill,Ashtyn Hawkins,
Texas State,Ty Evans,Jahmyl Jeter,Javen Banks,
Texas State,CJ Rogers,Lincoln Pare,Rontavius Groves,
Texas State,,,Marcell Barbee,
Texas State,,,Chandler Speights,
Texas State,,,Julian Ortega-Jones,
Texas State,,,Dennis Robinson,
Texas State,,,Demarcus Gregory,
Texas State,,,Charles Brown,
Texas State,,,Donnovan Moorer,
Texas State,,,Drue Jackson,
Louisiana Monroe,Chandler Rogers,Malik Jackson,Alred Luke,
Louisiana Monroe,Jiya Wright,Andrew Henry,Bugs Mortimer,
Louisiana Monroe,Garrett Hable,Isaiah Phillips,Zach Jackson,
Louisiana Monroe,Brian Garcia,Bennett Galloway,Nolan Quinlan,
Louisiana Monroe,,Zack Martin,Fred Lloyd Jr.,
Louisiana Monroe,,,Justin Kimber,
Louisiana Monroe,,,Dariyan Wiley,
Louisiana Monroe,,,Garrett Kahmann,
Louisiana Monroe,,,Abraham Alce,
Louisiana Monroe,,,Jordan Crumpton,
Colorado State,Clay Millen,A'Jon Vivens,Tory Horton,
Colorado State,Giles Pooler,Avery Morrow,Melquan Stovall,
Colorado State,,,Ty McCullouch,
Colorado State,,,Tanner Arkin,
Colorado State,,,Louis Brown,
Colorado State,,,Justus Ross-Simmons,
Colorado State,,,Gary Williams,
Liberty,Kaidon Salter,Dae Dae Hunter,Demario Douglas,
Liberty,Johnathan Bennett,Shedro Louis,Noah Frith,
Liberty,Nate Hampton,TJ Green,Caleb Snead,
Liberty,,,Jerome Jackson,
Liberty,,,CJ Yarbrough,
Liberty,,,Khaleb Coleman,
Liberty,,,Jaivian Lofton,
Liberty,,,Austin Henderson,
Liberty,,,Bentley Hanshaw,
Liberty,,,Brody Brumm,
Troy,Gunnar Watson,Kimani Vidal,Dashon Stoudemire,
Troy,Jarret Doege,Jamontez Woods,Jabre Barber,
Troy,Peter Costelli,Jamien Taylor,Marcus Rogers,
Troy,,,Tez Johnson,
Troy,,,Clayton Ollendieck,
Troy,,,Deyunkrea Lewis,
Troy,,,Devonte Ross,
Troy,,,RaJae Johnson,
Troy,,,Markus Ferrell,
Troy,,,Peyton Higgins,
Troy,,,Demontrez Brown,
Troy,,,Michael Vice,
Troy,,,AJ Lewis,
UTSA,Frank Harris,Brenden Brady,De'Corian Clark,
UTSA,Eddie Lee Marburger,Trelon Smith,Joshua Cephus,
UTSA,Cam Peters,Kevorian Barnes,Zakhari Franklin,
UTSA,,Tye Edwards,Oscar Cardenas,
UTSA,,,Tykee Ogle-Kellogg,
UTSA,,,Tre'Von Bradley,
UTSA,,,Karch Gardiner,
UTSA,,,Gavin Sharp,
UTSA,,,Isaiah Davis,
UTSA,,,Chris Carpenter,
UTSA,,,Kyle Eaves,
UTSA,,,Ben Rios,
UTSA,,,Dan Dishman,
Florida Atlantic,N'Kosi Perry,Larry McCammon III,LaJohntay Wester,
Florida Atlantic,Willie Taggart Jr.,Marvin Landy,Jahmal Edrine,
Florida Atlantic,,Zuberi Mobley,Je'Quan Burton,
Florida Atlantic,,Carter Boatwright,Austin Evans,
Florida Atlantic,,Marvin Scott III,BJ Alexander,
Florida Atlantic,,Adam Boselli,Javion Posey,
Florida Atlantic,,Johnny Ford,Tony Johnson,
Florida Atlantic,,,Jacob Pasley,
Florida Atlantic,,,Wyatt Sullivan,
Florida Atlantic,,,Jayshon Platt,
Clemson,DJ Uiagalelei,Will Shipley,Beax Collins,
Clemson,Cade Klubnik,Kobe Pace,EJ Williams,
Clemson,,Phil Mafah,Brannon Spector,
Clemson,,,Joseph Ngata,
Clemson,,,Davis Allen,
Clemson,,,Jake Briningstool,
Clemson,,,Dacari Collins,
Clemson,,,Antonio Williams,
Clemson,,,Adam Randall,
San Diego State,Braxton Burmeister,Cam Davis,Jesse Matthews,
San Diego State,Will Haskell,Kenan Christon,Tyrell Shavers,
San Diego State,,Chance Bell,Mekhi Shaw,
San Diego State,,Jordan Byrd,Mark Redman,
San Diego State,,Jaylon Armstead,Darius De Los Reyes,
San Diego State,,,Brionne Penny,
San Diego State,,,Aaron Greene,
San Diego State,,,Josh Nicholson,
San Diego State,,,Cameron Harpole,
USC,Caleb Williams,Travis Dye,Jordan Addison,
USC,Miller Moss,Austin Jones,Mario Williams,
USC,,Raleek Brown,Lake McRee,
USC,,,Brenden Rice,
USC,,,Kyron Hudson,
USC,,,Terrell Bynum,
USC,,,Tahj Washington,
USC,,,Malcolm Epps,
USC,,,Gary Bryant Jr.,
USC,,,CJ Williams,
USC,,,Kyle Ford,
USC,,,Josh Falo,